Node_ID,Lon,Lat,Tract_Node
0,-157.8226339,21.2712307,0
1,-157.8218767,21.2703211,0
2,-157.8205801,21.2630187,0
3,-157.8419309,21.3076047,0
4,-157.8452386,21.3068475,0
5,-157.8135472,21.2848921,0
6,-157.8136859,21.284166,0
7,-157.8501323,21.322655,0
8,-157.8514838,21.3211984,0
9,-157.8494543,21.3235585,0
10,-157.8133808,21.2857021,0
11,-157.812059,21.2844545,0
12,-157.8521818,21.3248049,0
13,-157.8531527,21.3258518,0
14,-157.8537372,21.3265168,0
15,-157.8525746,21.3252209,0
16,-157.8555481,21.3284915,0
17,-157.8553351,21.3282627,0
18,-157.8575793,21.3287602,0
19,-157.8132895,21.286107,0
20,-157.7644349,21.2893534,0
21,-157.7644606,21.2901292,0
22,-157.765157,21.287834,0
23,-157.7643061,21.2909849,0
24,-157.9251834,21.3599131,0
25,-157.9249608,21.3589688,0
26,-157.8164342,21.2883868,0
27,-157.9255822,21.3612278,0
28,-157.7389186,21.284272,0
29,-157.7388268,21.2834609,0
30,-157.7390142,21.2850641,0
31,-157.8516876,21.3149442,0
32,-157.8518446,21.3148342,0
33,-157.850325,21.315628,0
34,-157.8257112,21.2790244,0
35,-157.8250143,21.2784622,0
36,-157.8264165,21.2796406,0
37,-157.7361451,21.2861173,0
38,-157.7356453,21.2857352,0
39,-157.7373437,21.2860352,0
40,-157.7932824,21.2757474,0
41,-157.794178,21.2761983,0
42,-157.7923644,21.2752866,0
43,-157.8131493,21.2867285,0
44,-157.8582345,21.3304702,0
45,-157.8585481,21.3306945,0
46,-157.8570878,21.329627,0
47,-157.9033814,21.3438896,0
48,-157.9028765,21.3443663,0
49,-157.8129183,21.2878619,0
50,-157.8130469,21.2872198,0
51,-157.8081104,21.3102499,0
52,-157.8077379,21.309746,0
53,-157.8085192,21.3107809,0
54,-157.8128073,21.2882644,0
55,-157.866463,21.3388317,0
56,-157.867038,21.3384448,0
57,-157.8623064,21.3397025,0
58,-157.6833533,21.3091197,0
59,-157.6837568,21.3077144,0
60,-157.8633542,21.3096598,0
61,-157.8625818,21.3099477,0
62,-157.8621997,21.3079883,0
63,-157.8141374,21.2884226,0
64,-157.8738631,21.3401631,0
65,-157.8737202,21.339993,0
66,-157.874205,21.3406137,0
67,-157.8628519,21.3122726,0
68,-157.8636408,21.3118012,0
69,-157.8124183,21.2876774,0
70,-157.8621138,21.3127061,0
71,-157.8556139,21.3349545,0
72,-157.8537511,21.3370972,0
73,-157.8521304,21.3367824,0
74,-157.812759,21.2884133,0
75,-157.8535311,21.3331047,0
76,-157.8526246,21.3379667,0
77,-157.8125966,21.2890818,0
78,-157.8131189,21.2890233,0
79,-157.8854889,21.3238318,0
80,-157.8859402,21.3233691,0
81,-157.8850241,21.3243081,0
82,-157.8871425,21.3252292,0
83,-157.8866814,21.3257323,0
84,-157.8887451,21.3234079,0
85,-157.907031,21.3653027,0
86,-157.90648,21.3652134,0
87,-157.9078032,21.3653118,0
88,-157.806466,21.2824427,0
89,-157.8076211,21.2830378,0
90,-157.8052984,21.2818561,0
91,-157.7081206,21.2974615,0
92,-157.7082959,21.2935609,0
93,-157.7092693,21.3051847,0
94,-157.7105431,21.2971511,0
95,-157.9044499,21.3663048,0
96,-157.9048768,21.3659877,0
97,-157.899991,21.3597152,0
98,-157.8444107,21.2974108,0
99,-157.845062,21.2976473,0
100,-157.9039966,21.3666454,0
101,-157.9075433,21.3685483,0
102,-157.908133,21.3685662,0
103,-157.8792781,21.3302666,0
104,-157.8797568,21.3297979,0
105,-157.8788053,21.3307582,0
106,-157.8605937,21.322789,0
107,-157.8606288,21.3221588,0
108,-157.8436969,21.2971468,0
109,-157.8619806,21.3251757,0
110,-157.8607492,21.3216116,0
111,-157.8477162,21.3167103,0
112,-157.8472223,21.3165573,0
113,-157.849313,21.3163322,0
114,-157.829182,21.3435878,0
115,-157.8291177,21.3436428,0
116,-157.8305552,21.3426154,0
117,-157.7795224,21.2792357,0
118,-157.7796089,21.2786912,0
119,-157.8427272,21.3240702,0
120,-157.8423463,21.3241352,0
121,-157.7793786,21.2803773,0
122,-157.8290823,21.2820456,0
123,-157.8294397,21.2823129,0
124,-157.8284174,21.2814438,0
125,-157.687714,21.2979404,0
126,-157.6885481,21.2967788,0
127,-157.6873382,21.2984499,0
128,-157.8516812,21.309742,0
129,-157.8519512,21.3105885,0
130,-157.851454,21.3090271,0
131,-157.8433091,21.2995555,0
132,-157.8427842,21.2993747,0
133,-157.9234426,21.3465034,0
134,-157.9236787,21.3465958,0
135,-157.9224314,21.3460312,0
136,-157.8303734,21.3087538,0
137,-157.8272811,21.3084331,0
138,-157.7389164,21.2826065,0
139,-157.6866337,21.2994586,0
140,-157.6869519,21.2989796,0
141,-157.6864028,21.3000104,0
142,-157.7761932,21.2920638,0
143,-157.7763649,21.2929835,0
144,-157.7781845,21.2879932,0
145,-157.8311455,21.3076075,0
146,-157.7743998,21.2967058,0
147,-157.7750006,21.2971296,0
148,-157.7763735,21.2938312,0
149,-157.7745028,21.2982412,0
150,-157.7774983,21.2985051,0
151,-157.7762366,21.2972496,0
152,-157.7771893,21.2991768,0
153,-157.7779184,21.2829147,0
154,-157.7784849,21.2833466,0
155,-157.8142848,21.3299459,0
156,-157.8317156,21.3159453,0
157,-157.9201807,21.3661226,0
158,-157.918904,21.3672067,0
159,-157.9207524,21.3656608,0
160,-157.9184534,21.3676263,0
161,-157.812875,21.3291651,0
162,-157.8276868,21.3102153,0
163,-157.8642455,21.3291214,0
164,-157.8649811,21.3287117,0
165,-157.8646911,21.329866,0
166,-157.8629102,21.3267934,0
167,-157.8217853,21.2746773,0
168,-157.8220771,21.2750703,0
169,-157.8160018,21.3219593,0
170,-157.8569938,21.323022,0
171,-157.8574798,21.3235684,0
172,-157.8566125,21.3226311,0
173,-157.8395981,21.3127173,0
174,-157.84029,21.3142333,0
175,-157.8392833,21.3102729,0
176,-157.8180428,21.3082651,0
177,-157.8183649,21.3082436,0
178,-157.8171176,21.3082352,0
179,-157.8095675,21.3120965,0
180,-157.8070579,21.311814,0
181,-157.8092864,21.3103451,0
182,-157.8068796,21.3119626,0
183,-157.8055546,21.3130335,0
184,-157.8557027,21.3216956,0
185,-157.8552832,21.3211969,0
186,-157.8546159,21.3177976,0
187,-157.8548662,21.317571,0
188,-157.8539656,21.318521,0
189,-157.8526472,21.3320815,0
190,-157.8546041,21.3315698,0
191,-157.85106,21.3336579,0
192,-157.8394549,21.3245399,0
193,-157.8469759,21.3172525,0
194,-157.8489964,21.3176769,0
195,-157.8420584,21.3162098,0
196,-157.7353004,21.284281,0
197,-157.7352246,21.2840456,0
198,-157.8734325,21.3396304,0
199,-157.7879196,21.2677083,0
200,-157.7885954,21.2682631,0
201,-157.787241,21.2671784,0
202,-157.7891354,21.268918,0
203,-157.7890336,21.2723197,0
204,-157.7888558,21.2731423,0
205,-157.7893389,21.2708967,0
206,-157.7886772,21.2739682,0
207,-157.7883181,21.2740261,0
208,-157.7895594,21.2740256,0
209,-157.7885797,21.2742536,0
210,-157.8864453,21.3228514,0
211,-157.8869252,21.3223595,0
212,-157.8446454,21.2986614,0
213,-157.8390066,21.2952076,0
214,-157.8384754,21.2969004,0
215,-157.839079,21.2944515,0
216,-157.8400088,21.2956582,0
217,-157.8415713,21.3043117,0
218,-157.840889,21.3050008,0
219,-157.840159,21.305686,0
220,-157.9263838,21.3612048,0
221,-157.9271127,21.3610406,0
222,-157.8572971,21.3182634,0
223,-157.8577977,21.3189284,0
224,-157.8585248,21.3198108,0
225,-157.8599655,21.3216041,0
226,-157.8421377,21.2938201,0
227,-157.8424536,21.2930812,0
228,-157.8277238,21.2808154,0
229,-157.8007447,21.2933858,0
230,-157.8013394,21.2925095,0
231,-157.8004398,21.2938468,0
232,-157.8415003,21.2955063,0
233,-157.8105589,21.3134108,0
234,-157.8100794,21.3127789,0
235,-157.8110464,21.3140532,0
236,-157.8637016,21.310205,0
237,-157.8642242,21.3099812,0
238,-157.8529183,21.3196756,0
239,-157.8523512,21.3202867,0
240,-157.8533647,21.3192039,0
241,-157.841211,21.2961947,0
242,-157.8422275,21.2966064,0
243,-157.8216421,21.3039878,0
244,-157.8217337,21.30348,0
245,-157.8214651,21.3044851,0
246,-157.8550329,21.3208937,0
247,-157.8405579,21.2977737,0
248,-157.850173,21.339833,0
249,-157.849356,21.339833,0
250,-157.8510286,21.3396056,0
251,-157.8509026,21.3394057,0
252,-157.8518433,21.3373404,0
253,-157.9201703,21.3450069,0
254,-157.9215973,21.3456365,0
255,-157.9183175,21.3442715,0
256,-157.8592925,21.326184,0
257,-157.8603417,21.3277972,0
258,-157.8834431,21.3379863,0
259,-157.8837356,21.3383376,0
260,-157.8579773,21.3242541,0
261,-157.8002668,21.2940972,0
262,-157.7950972,21.2746138,0
263,-157.7950889,21.2766561,0
264,-157.8030972,21.2899227,0
265,-157.8028394,21.2903214,0
266,-157.8035052,21.2892986,0
267,-157.8747956,21.3172722,0
268,-157.8752187,21.3170973,0
269,-157.8699661,21.3201825,0
270,-157.8753425,21.3174074,0
271,-157.8333054,21.3124786,0
272,-157.8344484,21.3137843,0
273,-157.8323824,21.3106489,0
274,-157.8330348,21.3156064,0
275,-157.8402637,21.2984937,0
276,-157.7914828,21.2748366,0
277,-157.7910527,21.2746212,0
278,-157.9040883,21.3594573,0
279,-157.9056023,21.3654257,0
280,-157.9068775,21.3576013,0
281,-157.839898,21.2993495,0
282,-157.8380591,21.2977105,0
283,-157.8550631,21.3173648,0
284,-157.8395416,21.3002177,0
285,-157.880517,21.3404442,0
286,-157.9284721,21.3478898,0
287,-157.9278975,21.3471241,0
288,-157.9293572,21.3493137,0
289,-157.8611931,21.3502309,0
290,-157.861405,21.3502671,0
291,-157.8609184,21.3502868,0
292,-157.8391159,21.3011445,0
293,-157.8402558,21.3005077,0
294,-157.8873928,21.335644,0
295,-157.8796987,21.3360575,0
296,-157.8759899,21.3350368,0
297,-157.8728632,21.3330874,0
298,-157.8710131,21.3312493,0
299,-157.867321,21.3261938,0
300,-157.8585059,21.3191646,0
301,-157.8667673,21.3252695,0
302,-157.8527864,21.3118251,0
303,-157.851704,21.3087289,0
304,-157.8480628,21.3053786,0
305,-157.8508682,21.3057996,0
306,-157.8464974,21.3048501,0
307,-157.8364929,21.3020723,0
308,-157.8340567,21.3007551,0
309,-157.8286737,21.297834,0
310,-157.8278165,21.297408,0
311,-157.8375806,21.3033818,0
312,-157.8213058,21.2945062,0
313,-157.8209707,21.2942353,0
314,-157.8212022,21.2941953,0
315,-157.8184276,21.291293,0
316,-157.8158608,21.2896721,0
317,-157.8124785,21.287237,0
318,-157.809856,21.2851233,0
319,-157.7928734,21.2788721,0
320,-157.8036063,21.282084,0
321,-157.8100483,21.2853797,0
322,-157.819017,21.2921527,0
323,-157.8199178,21.293298,0
324,-157.8214236,21.2947409,0
325,-157.8225333,21.2954082,0
326,-157.8765871,21.3354181,0
327,-157.8795544,21.3362695,0
328,-157.882014,21.3369475,0
329,-157.8877071,21.3356419,0
330,-157.8949039,21.3347963,0
331,-157.8957746,21.334697,0
332,-157.8015781,21.2808714,0
333,-157.807429,21.2836299,0
334,-157.7805411,21.2780102,0
335,-157.7887428,21.278832,0
336,-157.8372363,21.3038003,0
337,-157.8370749,21.3039765,0
338,-157.7888583,21.2787456,0
339,-157.7803183,21.2778442,0
340,-157.7797338,21.2777765,0
341,-157.79127,21.2793452,0
342,-157.7915302,21.2793273,0
343,-157.7895457,21.2790745,0
344,-157.8206062,21.2950062,0
345,-157.823822,21.2960976,0
346,-157.8247136,21.2967574,0
347,-157.8320661,21.2997471,0
348,-157.8366046,21.3022191,0
349,-157.8386931,21.3025057,0
350,-157.8400655,21.302877,0
351,-157.8473693,21.3052736,0
352,-157.8446603,21.3045181,0
353,-157.8456085,21.3048671,0
354,-157.8526773,21.316451,0
355,-157.852171,21.3170746,0
356,-157.853081,21.3128773,0
357,-157.853643,21.3136215,0
358,-157.8552135,21.3152755,0
359,-157.8562657,21.3166481,0
360,-157.8598277,21.3210036,0
361,-157.8839744,21.3375638,0
362,-157.8376718,21.3034546,0
363,-157.8580631,21.3192089,0
364,-157.8659612,21.3251357,0
365,-157.8666019,21.3259425,0
366,-157.8672534,21.3263891,0
367,-157.8680077,21.3274554,0
368,-157.868983,21.3292354,0
369,-157.872006,21.3323493,0
370,-157.8690587,21.3293611,0
371,-157.87081,21.3350346,0
372,-157.8722614,21.3340083,0
373,-157.8760548,21.3351963,0
374,-157.8738648,21.3333138,0
375,-157.873776,21.3327488,0
376,-157.8718604,21.331892,0
377,-157.8734794,21.3325618,0
378,-157.874131,21.3321078,0
379,-157.8739924,21.332145,0
380,-157.894831,21.3341536,0
381,-157.889701,21.3333881,0
382,-157.8991913,21.334979,0
383,-157.8844615,21.3386996,0
384,-157.8823479,21.3371283,0
385,-157.8829126,21.3375165,0
386,-157.909,21.336499,0
387,-157.893468,21.334849,0
388,-157.8966534,21.3347955,0
389,-157.8365543,21.3044528,0
390,-157.904696,21.3362642,0
391,-157.905218,21.3359921,0
392,-157.9129621,21.3374286,0
393,-157.9133365,21.3371845,0
394,-157.9048588,21.3354298,0
395,-157.9048224,21.3354038,0
396,-157.903632,21.3352595,0
397,-157.9189257,21.3370526,0
398,-157.8355189,21.3055436,0
399,-157.8351518,21.3058841,0
400,-157.9245756,21.3387968,0
401,-157.9280071,21.339199,0
402,-157.924923,21.3385414,0
403,-157.9283779,21.3396745,0
404,-157.931204,21.3416711,0
405,-157.9332658,21.346456,0
406,-157.9325457,21.3518867,0
407,-157.9278588,21.3671044,0
408,-157.932704,21.3523166,0
409,-157.9304647,21.3418429,0
410,-157.9330752,21.3477748,0
411,-157.9339181,21.3473593,0
412,-157.8362874,21.304695,0
413,-157.9274913,21.3673271,0
414,-157.9319902,21.3442406,0
415,-157.9148322,21.3355672,0
416,-157.9146822,21.3359948,0
417,-157.9156947,21.3376806,0
418,-157.9338579,21.3462829,0
419,-157.9310179,21.3410728,0
420,-157.9332903,21.3431884,0
421,-157.8908919,21.3329249,0
422,-157.8898801,21.3324311,0
423,-157.8939438,21.3336225,0
424,-157.8878945,21.3326532,0
425,-157.896856,21.3341923,0
426,-157.8919094,21.3330016,0
427,-157.856538,21.3167662,0
428,-157.855074,21.314523,0
429,-157.854864,21.3146066,0
430,-157.8536279,21.3128763,0
431,-157.8386266,21.3023903,0
432,-157.7847823,21.2811033,0
433,-157.7846318,21.2804951,0
434,-157.7854532,21.282137,0
435,-157.8341765,21.3068207,0
436,-157.8332271,21.3077196,0
437,-157.8018152,21.2689835,0
438,-157.8012404,21.2685978,0
439,-157.8035033,21.2696231,0
440,-157.8148766,21.2762956,0
441,-157.8150192,21.276065,0
442,-157.8144431,21.2770881,0
443,-157.8135487,21.2780185,0
444,-157.8138849,21.2781032,0
445,-157.8171418,21.2898502,0
446,-157.8350316,21.3059704,0
447,-157.8134387,21.2779011,0
448,-157.8138619,21.2783339,0
449,-157.8338495,21.3082203,0
450,-157.7495208,21.2787432,0
451,-157.7494761,21.2785465,0
452,-157.7498289,21.2796019,0
453,-157.7517049,21.2783469,0
454,-157.7509425,21.2819462,0
455,-157.7508871,21.2818293,0
456,-157.7512389,21.2825613,0
457,-157.8319834,21.306741,0
458,-157.7300195,21.2832031,0
459,-157.7306784,21.2828714,0
460,-157.7234138,21.2884809,0
461,-157.7234691,21.2891532,0
462,-157.7233883,21.2883211,0
463,-157.8104469,21.3096867,0
464,-157.8133245,21.308206,0
465,-157.8647507,21.3235443,0
466,-157.8652779,21.3242359,0
467,-157.8648628,21.32345,0
468,-157.8638304,21.324204,0
469,-157.8652843,21.3231208,0
470,-157.8636576,21.3217911,0
471,-157.8713452,21.3144633,0
472,-157.871781,21.3155109,0
473,-157.8707961,21.3136571,0
474,-157.871888,21.3138134,0
475,-157.8650482,21.3130769,0
476,-157.8650762,21.3136435,0
477,-157.8642131,21.3135693,0
478,-157.8671852,21.3140934,0
479,-157.8663492,21.3141283,0
480,-157.867053,21.3144096,0
481,-157.8650164,21.3121863,0
482,-157.864724,21.3111823,0
483,-157.8269327,21.2875592,0
484,-157.8268911,21.287683,0
485,-157.8264504,21.2874834,0
486,-157.795979,21.3642769,0
487,-157.7952308,21.3651672,0
488,-157.791676,21.288062,0
489,-157.7937605,21.2889264,0
490,-157.8412313,21.3072856,0
491,-157.8653016,21.3437323,0
492,-157.8648027,21.3442296,0
493,-157.7946317,21.2873983,0
494,-157.8014497,21.2923449,0
495,-157.8015412,21.2922109,0
496,-157.8092539,21.2879669,0
497,-157.8080889,21.2873772,0
498,-157.8104067,21.2885546,0
499,-157.8121784,21.2878403,0
500,-157.8122915,21.2875655,0
501,-157.8657088,21.3431285,0
502,-157.803594,21.2891682,0
503,-157.8045628,21.2883291,0
504,-157.7981389,21.258971,0
505,-157.795703,21.2594113,0
506,-157.9034731,21.3669161,0
507,-157.9089038,21.368406,0
508,-157.898469,21.3559356,0
509,-157.896375,21.352787,0
510,-157.8992279,21.360168,0
511,-157.8990959,21.3602493,0
512,-157.8985715,21.360115,0
513,-157.8985333,21.3604278,0
514,-157.8984549,21.3607883,0
515,-157.8941397,21.3460505,0
516,-157.8946098,21.344999,0
517,-157.8932848,21.3448744,0
518,-157.8910364,21.3430877,0
519,-157.8895491,21.3418644,0
520,-157.888103,21.3423151,0
521,-157.7993042,21.2587265,0
522,-157.8965798,21.3503669,0
523,-157.8941115,21.3462851,0
524,-157.7968005,21.2605472,0
525,-157.8937416,21.3530457,0
526,-157.8943813,21.3513014,0
527,-157.8940071,21.3537964,0
528,-157.8959244,21.3482251,0
529,-157.8917305,21.3434312,0
530,-157.886155,21.3409321,0
531,-157.8844049,21.338061,0
532,-157.7950346,21.2595317,0
533,-157.8878556,21.3425518,0
534,-157.8918122,21.3438202,0
535,-157.9122257,21.3437077,0
536,-157.9130541,21.3437283,0
537,-157.9020997,21.345831,0
538,-157.9056687,21.3460937,0
539,-157.9018528,21.3458653,0
540,-157.8753437,21.3170495,0
541,-157.8726368,21.3139339,0
542,-157.8750747,21.3168097,0
543,-157.8730874,21.313559,0
544,-157.8789195,21.3212136,0
545,-157.8792646,21.3215565,0
546,-157.8788822,21.3218445,0
547,-157.8793149,21.3216096,0
548,-157.8820585,21.3243174,0
549,-157.8821448,21.3242283,0
550,-157.8822187,21.3244523,0
551,-157.881919,21.3244049,0
552,-157.8836595,21.3257068,0
553,-157.8837736,21.3255899,0
554,-157.8835738,21.3257947,0
555,-157.8838339,21.3258529,0
556,-157.8853642,21.3271344,0
557,-157.8854553,21.3270575,0
558,-157.8849706,21.327538,0
559,-157.8865185,21.3288041,0
560,-157.8895127,21.3324212,0
561,-157.8168227,21.2894673,0
562,-157.8164858,21.2893129,0
563,-157.793849,21.2597633,0
564,-157.8873017,21.3324176,0
565,-157.9000649,21.3348164,0
566,-157.8984511,21.3346037,0
567,-157.8681489,21.3352178,0
568,-157.8685602,21.3348872,0
569,-157.8675287,21.3359166,0
570,-157.8688324,21.335208,0
571,-157.86776,21.3388355,0
572,-157.8677375,21.3391604,0
573,-157.8675658,21.3386031,0
574,-157.9063136,21.3357607,0
575,-157.8844461,21.3309263,0
576,-157.8872326,21.3325275,0
577,-157.8828986,21.3298331,0
578,-157.8830453,21.3297471,0
579,-157.9189379,21.3373237,0
580,-157.918627,21.3364414,0
581,-157.9211827,21.3345359,0
582,-157.9210201,21.3349132,0
583,-157.9094225,21.3326338,0
584,-157.9117176,21.3331243,0
585,-157.7926989,21.2600192,0
586,-157.8989312,21.3345355,0
587,-157.8988412,21.3350079,0
588,-157.9227469,21.338187,0
589,-157.9224481,21.3381427,0
590,-157.9309769,21.3403418,0
591,-157.811593,21.3539923,0
592,-157.8115681,21.3538803,0
593,-157.8326216,21.3425562,0
594,-157.8325866,21.3424729,0
595,-157.8342649,21.3406609,0
596,-157.8359225,21.3391169,0
597,-157.8370544,21.3381301,0
598,-157.8374988,21.3377594,0
599,-157.8383335,21.3370788,0
600,-157.8453544,21.3256448,0
601,-157.8461328,21.3235955,0
602,-157.8501449,21.3198307,0
603,-157.8501066,21.3201204,0
604,-157.851542,21.3181302,0
605,-157.8528869,21.3164421,0
606,-157.8541481,21.3150379,0
607,-157.8477806,21.3215826,0
608,-157.8454953,21.3269971,0
609,-157.8539115,21.2930821,0
610,-157.8541094,21.2929779,0
611,-157.8533461,21.2934339,0
612,-157.8573616,21.2948568,0
613,-157.8612178,21.2970116,0
614,-157.8615618,21.2973698,0
615,-157.790596,21.2604432,0
616,-157.859963,21.2960402,0
617,-157.8608716,21.2966453,0
618,-157.8630156,21.3061636,0
619,-157.8621343,21.3068548,0
620,-157.8635996,21.3070394,0
621,-157.8637346,21.3069497,0
622,-157.8642131,21.3081682,0
623,-157.8641673,21.3089501,0
624,-157.8641435,21.3095359,0
625,-157.8638586,21.3094996,0
626,-157.8644067,21.3099014,0
627,-157.8645247,21.3106825,0
628,-157.8639465,21.3109392,0
629,-157.8578018,21.295024,0
630,-157.8574574,21.2952693,0
631,-157.8579037,21.2949455,0
632,-157.8629957,21.2995134,0
633,-157.8622893,21.3000155,0
634,-157.8630847,21.2994276,0
635,-157.8631333,21.3009996,0
636,-157.8623799,21.2982654,0
637,-157.860959,21.2965892,0
638,-157.859952,21.2973581,0
639,-157.8632442,21.3019376,0
640,-157.8632973,21.3023665,0
641,-157.8633626,21.3018943,0
642,-157.8634769,21.3031566,0
643,-157.8535362,21.3095328,0
644,-157.8540253,21.3100122,0
645,-157.8543089,21.3103079,0
646,-157.8583991,21.3154705,0
647,-157.8585735,21.315361,0
648,-157.8599547,21.3172559,0
649,-157.794982,21.2666902,0
650,-157.7945572,21.2674253,0
651,-157.7900296,21.2606991,0
652,-157.8600699,21.3171712,0
653,-157.8621049,21.3199693,0
654,-157.8621898,21.3198787,0
655,-157.861289,21.3205818,0
656,-157.8635127,21.3218656,0
657,-157.8578364,21.3118852,0
658,-157.8587451,21.3105953,0
659,-157.85708,21.3124345,0
660,-157.8576513,21.312014,0
661,-157.8578363,21.3120197,0
662,-157.8549125,21.3143292,0
663,-157.854806,21.3142265,0
664,-157.8550957,21.3141541,0
665,-157.8581076,21.3114724,0
666,-157.8565822,21.3128183,0
667,-157.8564697,21.3126957,0
668,-157.8523554,21.3171193,0
669,-157.851781,21.3178367,0
670,-157.8447308,21.3299778,0
671,-157.8453638,21.3291246,0
672,-157.8413312,21.3341758,0
673,-157.8438721,21.3309635,0
674,-157.8456418,21.3290144,0
675,-157.8455862,21.3288072,0
676,-157.8402516,21.3356792,0
677,-157.8341429,21.3405541,0
678,-157.8329775,21.3419075,0
679,-157.7895097,21.2620952,0
680,-157.8357223,21.2850521,0
681,-157.8357402,21.284911,0
682,-157.838797,21.2856088,0
683,-157.8350044,21.2862758,0
684,-157.8477385,21.2909759,0
685,-157.8479136,21.2910401,0
686,-157.8468777,21.2931625,0
687,-157.8507317,21.2919374,0
688,-157.85075,21.2918076,0
689,-157.7872229,21.2621149,0
690,-157.8506058,21.2927897,0
691,-157.8339975,21.2885837,0
692,-157.8346418,21.2885532,0
693,-157.8174229,21.2885965,0
694,-157.8207145,21.2849891,0
695,-157.821083,21.2853341,0
696,-157.8181598,21.282773,0
697,-157.8260686,21.2874512,0
698,-157.8259371,21.2875789,0
699,-157.8247107,21.2875544,0
700,-157.8289038,21.2881971,0
701,-157.8277587,21.2877931,0
702,-157.827712,21.287923,0
703,-157.8300823,21.2886111,0
704,-157.8398691,21.3167524,0
705,-157.8396135,21.3166963,0
706,-157.7857209,21.2629468,0
707,-157.8407471,21.3167716,0
708,-157.8810988,21.3234016,0
709,-157.881851,21.3241416,0
710,-157.8805046,21.307138,0
711,-157.8859483,21.3096125,0
712,-157.876876,21.3063218,0
713,-157.8912519,21.3230115,0
714,-157.8913473,21.3230854,0
715,-157.8901804,21.3244048,0
716,-157.8897377,21.3222721,0
717,-157.8895748,21.3251209,0
718,-157.7955742,21.2656424,0
719,-157.7843893,21.2639193,0
720,-157.8897031,21.325212,0
721,-157.8886226,21.3263423,0
722,-157.8878997,21.3272794,0
723,-157.8872982,21.328013,0
724,-157.886711,21.3286157,0
725,-157.8861373,21.3277134,0
726,-157.882436,21.3364726,0
727,-157.8191748,21.2600447,0
728,-157.8187074,21.260008,0
729,-157.815853,21.2691268,0
730,-157.785006,21.2646929,0
731,-157.8201184,21.2614753,0
732,-157.8200594,21.2613574,0
733,-157.819798,21.26167,0
734,-157.820408,21.2630534,0
735,-157.8196942,21.2615357,0
736,-157.7892547,21.2786789,0
737,-157.7892025,21.278961,0
738,-157.7893987,21.2784151,0
739,-157.7882306,21.2786361,0
740,-157.8960711,21.3511059,0
741,-157.8961996,21.35302,0
742,-157.7818499,21.2656664,0
743,-157.8938202,21.346346,0
744,-157.8951114,21.3493367,0
745,-157.8958881,21.3493753,0
746,-157.8970829,21.3480107,0
747,-157.8963002,21.3487559,0
748,-157.890533,21.3440209,0
749,-157.8901283,21.3477784,0
750,-157.8901573,21.3434962,0
751,-157.7794381,21.2686658,0
752,-157.8616014,21.3503759,0
753,-157.8617137,21.3504644,0
754,-157.861327,21.3507247,0
755,-157.8672863,21.3449152,0
756,-157.8674387,21.3453372,0
757,-157.8679983,21.3467397,0
758,-157.8681368,21.3466735,0
759,-157.8670227,21.3471405,0
760,-157.8410485,21.288912,0
761,-157.841429,21.2890529,0
762,-157.8412102,21.2893485,0
763,-157.8420471,21.289223,0
764,-157.8400756,21.2896663,0
765,-157.8618179,21.3503434,0
766,-157.8638906,21.3486972,0
767,-157.865564,21.3476069,0
768,-157.866491,21.3469859,0
769,-157.8666269,21.346845,0
770,-157.8662476,21.3469964,0
771,-157.8697589,21.3363787,0
772,-157.8696392,21.3362793,0
773,-157.8700094,21.3365479,0
774,-157.8676507,21.3449556,0
775,-157.8676961,21.3448063,0
776,-157.778793,21.269612,0
777,-157.867863,21.3421641,0
778,-157.867976,21.3399154,0
779,-157.8585744,21.3515152,0
780,-157.8591123,21.3509655,0
781,-157.8582379,21.3521596,0
782,-157.8546592,21.3567991,0
783,-157.8552392,21.3552922,0
784,-157.8533984,21.3593641,0
785,-157.8530612,21.3595888,0
786,-157.8505737,21.3618224,0
787,-157.8517952,21.3609826,0
788,-157.6732514,21.2946331,0
789,-157.6733374,21.2959124,0
790,-157.6717893,21.2918494,0
791,-157.779434,21.2705199,0
792,-157.8394092,21.3254156,0
793,-157.8485824,21.3206196,0
794,-157.8487515,21.3203698,0
795,-157.844355,21.3226861,0
796,-157.919417,21.3380974,0
797,-157.9192622,21.3376775,0
798,-157.9226815,21.3385666,0
799,-157.689012,21.2961337,0
800,-157.6977605,21.2964692,0
801,-157.698035,21.2948739,0
802,-157.6970371,21.2996741,0
803,-157.6969235,21.2998658,0
804,-157.8482,21.3188272,0
805,-157.8482693,21.3192429,0
806,-157.8481718,21.3186441,0
807,-157.8404781,21.3090715,0
808,-157.8402755,21.3084042,0
809,-157.8405057,21.3093742,0
810,-157.8389449,21.3077184,0
811,-157.837521,21.3087234,0
812,-157.8392283,21.3072958,0
813,-157.8429926,21.3055651,0
814,-157.8441857,21.3043388,0
815,-157.8574366,21.3012961,0
816,-157.8573603,21.3011993,0
817,-157.8577084,21.3016259,0
818,-157.8628701,21.3053331,0
819,-157.8632884,21.3062378,0
820,-157.8631742,21.3060514,0
821,-157.8626993,21.3054588,0
822,-157.8620662,21.3046456,0
823,-157.8546369,21.3092776,0
824,-157.8547443,21.308858,0
825,-157.8544834,21.3098535,0
826,-157.8554407,21.311552,0
827,-157.8555896,21.3114753,0
828,-157.8530419,21.3128913,0
829,-157.8563042,21.3128228,0
830,-157.854373,21.3101454,0
831,-157.8534082,21.3111732,0
832,-157.8563994,21.3129629,0
833,-157.8553298,21.3137658,0
834,-157.8577128,21.3145375,0
835,-157.8493255,21.3089421,0
836,-157.8494351,21.3090001,0
837,-157.8484648,21.3086311,0
838,-157.8536486,21.3094633,0
839,-157.8533496,21.3091817,0
840,-157.8530839,21.3089316,0
841,-157.8548212,21.3086533,0
842,-157.8557695,21.306807,0
843,-157.8531387,21.3112572,0
844,-157.8578202,21.3144025,0
845,-157.8558412,21.3165592,0
846,-157.8545703,21.3150686,0
847,-157.8543602,21.3148307,0
848,-157.8546516,21.3151712,0
849,-157.8530791,21.3158566,0
850,-157.8495193,21.3196836,0
851,-157.8494493,21.3197516,0
852,-157.866845,21.3143998,0
853,-157.8675671,21.3147397,0
854,-157.886756,21.3287298,0
855,-157.8890943,21.333863,0
856,-157.8869737,21.3357065,0
857,-157.8887054,21.334499,0
858,-157.8893446,21.334106,0
859,-157.8895023,21.3334822,0
860,-157.8897796,21.3336494,0
861,-157.8900822,21.3338524,0
862,-157.8899912,21.3336377,0
863,-157.8350964,21.3396166,0
864,-157.8039634,21.3156539,0
865,-157.8037952,21.3158832,0
866,-157.8040775,21.315475,0
867,-157.8324113,21.2795787,0
868,-157.832468,21.2794754,0
869,-157.8329647,21.2793895,0
870,-157.8312648,21.2815895,0
871,-157.8357242,21.2845585,0
872,-157.8327057,21.2791749,0
873,-157.8165396,21.2735277,0
874,-157.8161129,21.2736167,0
875,-157.8163461,21.2738756,0
876,-157.8167826,21.273237,0
877,-157.8296049,21.2966064,0
878,-157.8283384,21.2986694,0
879,-157.8298416,21.2957599,0
880,-157.8316013,21.2973336,0
881,-157.8210767,21.300019,0
882,-157.820991,21.3008951,0
883,-157.8226464,21.3057342,0
884,-157.8214682,21.3051066,0
885,-157.8227522,21.3057916,0
886,-157.8400465,21.2869751,0
887,-157.838898,21.2855256,0
888,-157.8022357,21.2911774,0
889,-157.8018329,21.291783,0
890,-157.8017707,21.2918729,0
891,-157.9047706,21.3359252,0
892,-157.9011057,21.3353632,0
893,-157.9182596,21.3379068,0
894,-157.9145148,21.3373547,0
895,-157.9152984,21.3374703,0
896,-157.9130101,21.3371373,0
897,-157.6993632,21.274866,0
898,-157.6990198,21.2748615,0
899,-157.9074526,21.3363129,0
900,-157.9079182,21.336391,0
901,-157.9264938,21.339171,0
902,-157.9265872,21.3387578,0
903,-157.9297287,21.3407294,0
904,-157.8338508,21.3010696,0
905,-157.8336628,21.3013339,0
906,-157.6996526,21.2748795,0
907,-157.8844682,21.3389215,0
908,-157.8860426,21.3416853,0
909,-157.8171795,21.2894806,0
910,-157.8172228,21.289665,0
911,-157.822489,21.2921318,0
912,-157.8223739,21.2923405,0
913,-157.8219556,21.2919302,0
914,-157.8122382,21.2875185,0
915,-157.8113555,21.2869805,0
916,-157.8180676,21.2898099,0
917,-157.817696,21.2897313,0
918,-157.8182518,21.2901517,0
919,-157.860289,21.3221099,0
920,-157.830816,21.2818608,0
921,-157.8310391,21.2822825,0
922,-157.8305378,21.2813599,0
923,-157.8331859,21.2880579,0
924,-157.8325927,21.287582,0
925,-157.8329645,21.287894,0
926,-157.8328332,21.2882245,0
927,-157.8512455,21.3055371,0
928,-157.8503526,21.3052177,0
929,-157.8513929,21.3055732,0
930,-157.8200699,21.2722396,0
931,-157.8212873,21.2739759,0
932,-157.8199323,21.271968,0
933,-157.8205856,21.2717917,0
934,-157.7980934,21.2977023,0
935,-157.798175,21.2974907,0
936,-157.7962046,21.3003777,0
937,-157.840855,21.3095375,0
938,-157.8396086,21.3097155,0
939,-157.7990639,21.2793748,0
940,-157.7992246,21.2787725,0
941,-157.7987491,21.2805543,0
942,-157.8811991,21.3282891,0
943,-157.8834249,21.329299,0
944,-157.8811213,21.3283648,0
945,-157.8806757,21.3288018,0
946,-157.8794731,21.3269734,0
947,-157.8795515,21.3269044,0
948,-157.8790398,21.327426,0
949,-157.8757479,21.3237834,0
950,-157.8758595,21.3238704,0
951,-157.8757332,21.3239063,0
952,-157.8779812,21.3256542,0
953,-157.8751914,21.3232801,0
954,-157.8748801,21.3230485,0
955,-157.8068036,21.3576708,0
956,-157.8067739,21.3571004,0
957,-157.7896291,21.278679,0
958,-157.6993971,21.2746431,0
959,-157.6703813,21.2915601,0
960,-157.6676859,21.292165,0
961,-157.6652752,21.2907452,0
962,-157.8419687,21.3065644,0
963,-157.67695,21.2951097,0
964,-157.6733635,21.2980382,0
965,-157.7050852,21.2755232,0
966,-157.7053962,21.2750613,0
967,-157.704736,21.2759018,0
968,-157.7046002,21.2761453,0
969,-157.704822,21.2759632,0
970,-157.7038786,21.275442,0
971,-157.7050394,21.2761551,0
972,-157.7021378,21.2796701,0
973,-157.7023087,21.2794305,0
974,-157.7939042,21.2685426,0
975,-157.793762,21.2688168,0
976,-157.7019641,21.2799137,0
977,-157.6973461,21.2867439,0
978,-157.6991428,21.2838584,0
979,-157.6967475,21.2878523,0
980,-157.7021608,21.2882177,0
981,-157.6950025,21.290477,0
982,-157.6939385,21.2915241,0
983,-157.693271,21.2921534,0
984,-157.6908807,21.2944629,0
985,-157.6903236,21.2949285,0
986,-157.7022153,21.2939938,0
987,-157.7023533,21.2945972,0
988,-157.7024496,21.2928853,0
989,-157.7048033,21.2867935,0
990,-157.7010993,21.2895619,0
991,-157.71531,21.2830209,0
992,-157.715234,21.2831311,0
993,-157.7141681,21.2825326,0
994,-157.7105805,21.3043931,0
995,-157.7100357,21.304764,0
996,-157.7106533,21.3021747,0
997,-157.8332484,21.3413479,0
998,-157.717564,21.2845377,0
999,-157.71746,21.2846881,0
1000,-157.7156918,21.2865087,0
1001,-157.719496,21.2858919,0
1002,-157.71526,21.2870011,0
1003,-157.7056909,21.286711,0
1004,-157.7059627,21.2872184,0
1005,-157.706056,21.2873985,0
1006,-157.7073516,21.2899909,0
1007,-157.7133604,21.2891018,0
1008,-157.7139507,21.288518,0
1009,-157.7121686,21.2899615,0
1010,-157.7104571,21.293577,0
1011,-157.710931,21.2954857,0
1012,-157.7093298,21.2938165,0
1013,-157.8678512,21.3399064,0
1014,-157.8696114,21.3365651,0
1015,-157.7860774,21.2725323,0
1016,-157.7869266,21.2714396,0
1017,-157.789039,21.269451,0
1018,-157.7892729,21.269224,0
1019,-157.7893662,21.2695393,0
1020,-157.7892191,21.269113,0
1021,-157.7897803,21.2687756,0
1022,-157.7852085,21.274725,0
1023,-157.7850444,21.2747275,0
1024,-157.7865106,21.2744548,0
1025,-157.8476942,21.3053857,0
1026,-157.852328,21.3111701,0
1027,-157.8710073,21.3346205,0
1028,-157.8123453,21.287334,0
1029,-157.820584,21.287731,0
1030,-157.815379,21.2895686,0
1031,-157.871414,21.3033334,0
1032,-157.8735965,21.3052871,0
1033,-157.9311891,21.3511249,0
1034,-157.8574789,21.3088636,0
1035,-157.8580955,21.3050705,0
1036,-157.841457,21.2889394,0
1037,-157.823164,21.2929089,0
1038,-157.8264634,21.299109,0
1039,-157.8265803,21.299074,0
1040,-157.8252704,21.299335,0
1041,-157.9020054,21.3318638,0
1042,-157.902375,21.3296719,0
1043,-157.8418067,21.2890254,0
1044,-157.8412323,21.288862,0
1045,-157.8213128,21.2717071,0
1046,-157.9182214,21.3141457,0
1047,-157.9167875,21.3151577,0
1048,-157.9182706,21.3141997,0
1049,-157.9202462,21.3127675,0
1050,-157.9158675,21.3158096,0
1051,-157.9168345,21.3152156,0
1052,-157.9144437,21.3168148,0
1053,-157.9159135,21.3158657,0
1054,-157.9144897,21.3168688,0
1055,-157.9127325,21.3180243,0
1056,-157.9115164,21.3188777,0
1057,-157.9127799,21.3180773,0
1058,-157.9102564,21.3197657,0
1059,-157.9115658,21.3189303,0
1060,-157.9087295,21.3208426,0
1061,-157.9103035,21.3198235,0
1062,-157.9074464,21.3217504,0
1063,-157.9087745,21.3208985,0
1064,-157.9074943,21.3218059,0
1065,-157.9028361,21.3262313,0
1066,-157.9015992,21.3342263,0
1067,-157.9018411,21.3328599,0
1068,-157.9015399,21.3349428,0
1069,-157.9015618,21.3346786,0
1070,-157.9014238,21.3349252,0
1071,-157.9302993,21.3325204,0
1072,-157.9303771,21.3325507,0
1073,-157.926653,21.3383887,0
1074,-157.916363,21.3337778,0
1075,-157.7846258,21.2782671,0
1076,-157.7846397,21.2780586,0
1077,-157.7845189,21.2782507,0
1078,-157.7844812,21.2784835,0
1079,-157.7844663,21.2787424,0
1080,-157.7846223,21.2784984,0
1081,-157.7878843,21.278607,0
1082,-157.7878433,21.2788226,0
1083,-157.7879403,21.2783082,0
1084,-157.7875274,21.2785643,0
1085,-157.7877026,21.279619,0
1086,-157.7847468,21.2785108,0
1087,-157.8215307,21.2925459,0
1088,-157.8215974,21.2925969,0
1089,-157.8212422,21.2933591,0
1090,-157.8219143,21.2920059,0
1091,-157.8213401,21.2933732,0
1092,-157.8211717,21.2949324,0
1093,-157.8211492,21.2956117,0
1094,-157.8211432,21.296015,0
1095,-157.821112,21.2968321,0
1096,-157.8212108,21.2968365,0
1097,-157.8210249,21.2990736,0
1098,-157.8207598,21.2967995,0
1099,-157.8235526,21.2969268,0
1100,-157.8212377,21.29602,0
1101,-157.8211393,21.299067,0
1102,-157.8227979,21.2991898,0
1103,-157.8211809,21.3000168,0
1104,-157.8204077,21.3017817,0
1105,-157.8210857,21.3009356,0
1106,-157.8211646,21.3022136,0
1107,-157.8189393,21.3037814,0
1108,-157.8105062,21.2901782,0
1109,-157.810182,21.2903802,0
1110,-157.8512137,21.3289449,0
1111,-157.8503523,21.3295605,0
1112,-157.8112838,21.289002,0
1113,-157.8103635,21.2908044,0
1114,-157.8104364,21.2922367,0
1115,-157.8104415,21.2922861,0
1116,-157.8522109,21.3282379,0
1117,-157.8046704,21.2971656,0
1118,-157.8066807,21.2980525,0
1119,-157.8054434,21.2969799,0
1120,-157.8064027,21.2982693,0
1121,-157.8334977,21.2866915,0
1122,-157.8332188,21.286113,0
1123,-157.8025185,21.2981378,0
1124,-157.8019666,21.2982804,0
1125,-157.8036944,21.2990563,0
1126,-157.8022844,21.3009179,0
1127,-157.8046556,21.2983252,0
1128,-157.8022206,21.3019793,0
1129,-157.8154248,21.288582,0
1130,-157.8171446,21.2882608,0
1131,-157.8237209,21.2875968,0
1132,-157.8234524,21.2874155,0
1133,-157.8234704,21.2876129,0
1134,-157.8241436,21.2875743,0
1135,-157.8239948,21.287871,0
1136,-157.8260487,21.2875813,0
1137,-157.826158,21.287456,0
1138,-157.8231695,21.2876254,0
1139,-157.8219021,21.2876616,0
1140,-157.8248866,21.288645,0
1141,-157.8235653,21.2878902,0
1142,-157.8249506,21.2887016,0
1143,-157.825457,21.2891332,0
1144,-157.8155245,21.2890093,0
1145,-157.817539,21.2896926,0
1146,-157.8183223,21.2901336,0
1147,-157.8181442,21.2898439,0
1148,-157.819114,21.2902396,0
1149,-157.8236118,21.2900482,0
1150,-157.8180412,21.2902164,0
1151,-157.8177542,21.2902834,0
1152,-157.8323441,21.2894695,0
1153,-157.8175899,21.2903417,0
1154,-157.8224423,21.29134,0
1155,-157.8218422,21.2919222,0
1156,-157.8208916,21.2913555,0
1157,-157.8211284,21.2964884,0
1158,-157.8212627,21.2954098,0
1159,-157.8245475,21.2970301,0
1160,-157.8247438,21.2970798,0
1161,-157.8252384,21.2974346,0
1162,-157.8208487,21.3027397,0
1163,-157.8210493,21.302416,0
1164,-157.820683,21.3030386,0
1165,-157.8210304,21.3030224,0
1166,-157.8234038,21.3067498,0
1167,-157.8207865,21.3077137,0
1168,-157.82382,21.3066717,0
1169,-157.8328104,21.3421449,0
1170,-157.8043545,21.3150164,0
1171,-157.804415,21.3149175,0
1172,-157.8320299,21.2902997,0
1173,-157.8317191,21.291054,0
1174,-157.8406023,21.3080014,0
1175,-157.8153352,21.3256079,0
1176,-157.861329,21.3229119,0
1177,-157.7948765,21.2783971,0
1178,-157.7910173,21.2788336,0
1179,-157.8068774,21.2739342,0
1180,-157.8071369,21.274184,0
1181,-157.8066056,21.2736662,0
1182,-157.8008992,21.2816818,0
1183,-157.7997416,21.2810662,0
1184,-157.8020586,21.282234,0
1185,-157.8010385,21.2813972,0
1186,-157.7999804,21.2832354,0
1187,-157.807563,21.2850387,0
1188,-157.8078886,21.2852078,0
1189,-157.8067107,21.2846082,0
1190,-157.8007089,21.2734068,0
1191,-157.7999541,21.2730185,0
1192,-157.8314082,21.2918267,0
1193,-157.8019176,21.2719767,0
1194,-157.804989,21.2720618,0
1195,-157.8051905,21.272261,0
1196,-157.8046053,21.2716829,0
1197,-157.8040406,21.271119,0
1198,-157.8034785,21.2705153,0
1199,-157.798823,21.2826398,0
1200,-157.7982767,21.2823616,0
1201,-157.7991444,21.2828101,0
1202,-157.8032536,21.2703252,0
1203,-157.8059208,21.2729916,0
1204,-157.8061986,21.2732593,0
1205,-157.8011418,21.2838271,0
1206,-157.8022901,21.2844318,0
1207,-157.8002209,21.2854144,0
1208,-157.7896489,21.2779595,0
1209,-157.8310878,21.2925931,0
1210,-157.8307766,21.2933496,0
1211,-157.8304421,21.2941369,0
1212,-157.7553409,21.2778152,0
1213,-157.757445,21.2773124,0
1214,-157.7444178,21.27992,0
1215,-157.7443159,21.2799511,0
1216,-157.7392688,21.2808745,0
1217,-157.7393529,21.2808576,0
1218,-157.7392921,21.281804,0
1219,-157.7306211,21.2827388,0
1220,-157.7250019,21.2854448,0
1221,-157.7347381,21.2820768,0
1222,-157.7361576,21.2816796,0
1223,-157.7346138,21.2819434,0
1224,-157.7550808,21.2778756,0
1225,-157.772192,21.2768623,0
1226,-157.7721455,21.2770465,0
1227,-157.7674632,21.2760036,0
1228,-157.7586864,21.2770156,0
1229,-157.7134865,21.2838707,0
1230,-157.8593776,21.3549655,0
1231,-157.7361083,21.2815357,0
1232,-157.7636584,21.2762954,0
1233,-157.7443466,21.2800647,0
1234,-157.7444452,21.2800358,0
1235,-157.776254,21.2775608,0
1236,-157.7794424,21.2778868,0
1237,-157.8301389,21.2948815,0
1238,-157.7674295,21.2761555,0
1239,-157.7796655,21.277911,0
1240,-157.776273,21.2774074,0
1241,-157.747363,21.2792584,0
1242,-157.7392847,21.2807213,0
1243,-157.7231258,21.2859231,0
1244,-157.7231476,21.2860794,0
1245,-157.7213177,21.286123,0
1246,-157.8399462,21.2897026,0
1247,-157.8398778,21.2919379,0
1248,-157.8443016,21.2938918,0
1249,-157.8289893,21.2944669,0
1250,-157.8466228,21.2937966,0
1251,-157.8465842,21.293891,0
1252,-157.8485315,21.293789,0
1253,-157.8491394,21.2939946,0
1254,-157.847421,21.2933734,0
1255,-157.851804,21.2945443,0
1256,-157.8524479,21.2940671,0
1257,-157.850363,21.2938741,0
1258,-157.8531629,21.2962172,0
1259,-157.8512389,21.2949601,0
1260,-157.7995107,21.2840778,0
1261,-157.8032119,21.2828331,0
1262,-157.7894636,21.2836513,0
1263,-157.7913846,21.2849525,0
1264,-157.7876476,21.2870598,0
1265,-157.7908457,21.2903569,0
1266,-157.7908521,21.2904202,0
1267,-157.7931356,21.2896783,0
1268,-157.7923671,21.2912848,0
1269,-157.7929734,21.2921035,0
1270,-157.791985,21.2919553,0
1271,-157.8889465,21.3162725,0
1272,-157.8916875,21.3217503,0
1273,-157.849727,21.2940375,0
1274,-157.8312353,21.299332,0
1275,-157.8497395,21.2941149,0
1276,-157.8503847,21.2939558,0
1277,-157.7843582,21.2782302,0
1278,-157.8525623,21.3078267,0
1279,-157.8525405,21.3077782,0
1280,-157.8417059,21.3162008,0
1281,-157.8414324,21.3164191,0
1282,-157.8433547,21.3157975,0
1283,-157.8647779,21.3183683,0
1284,-157.8658134,21.319858,0
1285,-157.8646325,21.3179047,0
1286,-157.8662595,21.3183752,0
1287,-157.9173817,21.3616795,0
1288,-157.9180178,21.3614927,0
1289,-157.9166941,21.3617281,0
1290,-157.8638307,21.318592,0
1291,-157.9159524,21.3619551,0
1292,-157.9141021,21.3639069,0
1293,-157.913509,21.3605464,0
1294,-157.9121725,21.3610839,0
1295,-157.9109719,21.3621249,0
1296,-157.8675705,21.3188127,0
1297,-157.8728379,21.3219109,0
1298,-157.9199403,21.3612596,0
1299,-157.9222881,21.3594162,0
1300,-157.9191115,21.361291,0
1301,-157.9180329,21.3632296,0
1302,-157.9134143,21.3649386,0
1303,-157.8073837,21.2834394,0
1304,-157.8072088,21.283749,0
1305,-157.8631473,21.3079971,0
1306,-157.8628177,21.3075805,0
1307,-157.8639008,21.3087001,0
1308,-157.9015254,21.335428,0
1309,-157.901805,21.33547,0
1310,-157.8571887,21.3108763,0
1311,-157.8575265,21.3115036,0
1312,-157.8990922,21.3448619,0
1313,-157.8993381,21.3444894,0
1314,-157.8734249,21.32226,0
1315,-157.8981374,21.3443913,0
1316,-157.8995138,21.3450767,0
1317,-157.8984149,21.3458126,0
1318,-157.9023922,21.3480093,0
1319,-157.9021202,21.3464379,0
1320,-157.9019565,21.3485056,0
1321,-157.900572,21.349377,0
1322,-157.8418746,21.2990614,0
1323,-157.8407783,21.2986712,0
1324,-157.8419741,21.2990957,0
1325,-157.8479747,21.2908888,0
1326,-157.8478028,21.2908176,0
1327,-157.8469653,21.2932656,0
1328,-157.8470013,21.2931833,0
1329,-157.8467443,21.2938783,0
1330,-157.8465278,21.2943886,0
1331,-157.8463438,21.2948043,0
1332,-157.8462476,21.2947569,0
1333,-157.847878,21.2954902,0
1334,-157.8454011,21.2943894,0
1335,-157.8457721,21.2945562,0
1336,-157.7900739,21.2741498,0
1337,-157.7905586,21.2743738,0
1338,-157.8541451,21.3099308,0
1339,-157.8827156,21.3363699,0
1340,-157.8830222,21.3366044,0
1341,-157.8823234,21.3360755,0
1342,-157.8897231,21.3411304,0
1343,-157.889302,21.3415322,0
1344,-157.8892692,21.3415512,0
1345,-157.889491,21.34197,0
1346,-157.8884876,21.3421119,0
1347,-157.8882131,21.3427326,0
1348,-157.8880805,21.3430059,0
1349,-157.8872181,21.3449331,0
1350,-157.8866613,21.3442822,0
1351,-157.8942726,21.351262,0
1352,-157.8758173,21.3236884,0
1353,-157.8099136,21.2780997,0
1354,-157.8099118,21.2781291,0
1355,-157.8099213,21.2774376,0
1356,-157.7968883,21.2816261,0
1357,-157.7963178,21.2813327,0
1358,-157.7969499,21.2816578,0
1359,-157.9313016,21.3512401,0
1360,-157.9319823,21.3518497,0
1361,-157.8780437,21.32559,0
1362,-157.8759281,21.3237836,0
1363,-157.8800305,21.3264016,0
1364,-157.8394813,21.3063476,0
1365,-157.8487924,21.3054474,0
1366,-157.8876181,21.3435252,0
1367,-157.8842492,21.345224,0
1368,-157.8816615,21.3278032,0
1369,-157.8775164,21.3404464,0
1370,-157.87686,21.3407115,0
1371,-157.8786055,21.3399503,0
1372,-157.857237,21.3320684,0
1373,-157.8562831,21.3324502,0
1374,-157.8584154,21.3318568,0
1375,-157.8116137,21.2890745,0
1376,-157.8490848,21.3047603,0
1377,-157.8653858,21.3309432,0
1378,-157.8654365,21.3310117,0
1379,-157.8002132,21.31832,0
1380,-157.7995623,21.3188208,0
1381,-157.8001854,21.3177249,0
1382,-157.862373,21.3249762,0
1383,-157.8627051,21.3247994,0
1384,-157.8621263,21.3253715,0
1385,-157.8626606,21.3262463,0
1386,-157.8699987,21.3265873,0
1387,-157.8701502,21.3267947,0
1388,-157.8698258,21.3263491,0
1389,-157.8702964,21.3269921,0
1390,-157.8578998,21.3232372,0
1391,-157.8593585,21.3220645,0
1392,-157.8557127,21.3249235,0
1393,-157.8555988,21.3250098,0
1394,-157.8559799,21.324721,0
1395,-157.7843144,21.3027489,0
1396,-157.7846416,21.3025175,0
1397,-157.8000939,21.2943474,0
1398,-157.7836767,21.3033925,0
1399,-157.8324806,21.2789998,0
1400,-157.8693456,21.3358751,0
1401,-157.8683626,21.334612,0
1402,-157.8676871,21.3337913,0
1403,-157.8140613,21.2804554,0
1404,-157.8140569,21.2804014,0
1405,-157.8141429,21.2818007,0
1406,-157.8534651,21.2937923,0
1407,-157.8531123,21.2935767,0
1408,-157.8564976,21.2955575,0
1409,-157.7991723,21.2957174,0
1410,-157.7988427,21.29622,0
1411,-157.7993224,21.2954955,0
1412,-157.7994346,21.2953297,0
1413,-157.8485907,21.3059434,0
1414,-157.8542593,21.3147187,0
1415,-157.8534795,21.3138087,0
1416,-157.8438535,21.3206942,0
1417,-157.8445269,21.3205784,0
1418,-157.8546079,21.3035902,0
1419,-157.8526553,21.305033,0
1420,-157.8534164,21.3031468,0
1421,-157.8545689,21.3014777,0
1422,-157.8546814,21.3016738,0
1423,-157.8541691,21.3009049,0
1424,-157.7897998,21.2684364,0
1425,-157.7900725,21.2669381,0
1426,-157.7901759,21.2686285,0
1427,-157.7906778,21.268553,0
1428,-157.8431552,21.3208381,0
1429,-157.7894303,21.2689348,0
1430,-157.7844852,21.2803517,0
1431,-157.784539,21.2779904,0
1432,-157.7848526,21.2782873,0
1433,-157.7836314,21.2780711,0
1434,-157.7845812,21.280655,0
1435,-157.7845228,21.2805247,0
1436,-157.7841976,21.2805542,0
1437,-157.7845929,21.2787103,0
1438,-157.7843649,21.2805553,0
1439,-157.7843179,21.27847,0
1440,-157.7838541,21.2780746,0
1441,-157.7825721,21.2753776,0
1442,-157.7875089,21.2742514,0
1443,-157.7906669,21.2741877,0
1444,-157.8629605,21.3105413,0
1445,-157.7913813,21.2750069,0
1446,-157.7882221,21.2763594,0
1447,-157.7917802,21.2793295,0
1448,-157.7928788,21.279538,0
1449,-157.8635957,21.3102513,0
1450,-157.9175944,21.3338706,0
1451,-157.9149422,21.3349534,0
1452,-157.8426017,21.3037563,0
1453,-157.7077935,21.2853586,0
1454,-157.7085724,21.2854411,0
1455,-157.9298823,21.3408729,0
1456,-157.9300696,21.3412049,0
1457,-157.8633277,21.3112693,0
1458,-157.8625047,21.3117529,0
1459,-157.8311551,21.2890698,0
1460,-157.8334941,21.2898708,0
1461,-157.8386135,21.2900727,0
1462,-157.8382014,21.2901873,0
1463,-157.8138594,21.2784208,0
1464,-157.8139694,21.2795381,0
1465,-157.8139791,21.279755,0
1466,-157.8143429,21.2794221,0
1467,-157.8139501,21.2791392,0
1468,-157.8309494,21.2836222,0
1469,-157.8313249,21.2839704,0
1470,-157.8307736,21.2834665,0
1471,-157.8319831,21.2842775,0
1472,-157.8218598,21.2746055,0
1473,-157.8213486,21.2739194,0
1474,-157.8223796,21.2753681,0
1475,-157.8224438,21.2755279,0
1476,-157.8221547,21.2750214,0
1477,-157.8201384,21.2721788,0
1478,-157.8640181,21.312557,0
1479,-157.9169776,21.3322659,0
1480,-157.9150691,21.3340302,0
1481,-157.9268485,21.3388198,0
1482,-157.8594119,21.3220169,0
1483,-157.8348573,21.3083629,0
1484,-157.8369713,21.3093464,0
1485,-157.8569201,21.3106917,0
1486,-157.8568953,21.3107075,0
1487,-157.8559371,21.3112756,0
1488,-157.863774,21.3136071,0
1489,-157.835141,21.3059676,0
1490,-157.8350298,21.3058692,0
1491,-157.8299149,21.2921632,0
1492,-157.8321964,21.2930182,0
1493,-157.8359803,21.3104343,0
1494,-157.8380806,21.3101096,0
1495,-157.8178795,21.288152,0
1496,-157.8182623,21.2880639,0
1497,-157.8147382,21.2887041,0
1498,-157.9013786,21.3354028,0
1499,-157.901354,21.335675,0
1500,-157.9013532,21.3357979,0
1501,-157.9013507,21.336196,0
1502,-157.8546261,21.3103943,0
1503,-157.8840913,21.3387797,0
1504,-157.864206,21.314439,0
1505,-157.8601993,21.3278695,0
1506,-157.8624597,21.3295184,0
1507,-157.8642184,21.3148937,0
1508,-157.847599,21.3083375,0
1509,-157.8479902,21.3073946,0
1510,-157.844967,21.3091919,0
1511,-157.8650621,21.3152335,0
1512,-157.8366035,21.3048434,0
1513,-157.8565634,21.2959112,0
1514,-157.8554992,21.296692,0
1515,-157.8568395,21.2957185,0
1516,-157.819871,21.3043987,0
1517,-157.818541,21.3066554,0
1518,-157.8199833,21.3042338,0
1519,-157.8505395,21.3100261,0
1520,-157.8641839,21.3162574,0
1521,-157.8642151,21.3164727,0
1522,-157.8639229,21.3162753,0
1523,-157.899237,21.3588143,0
1524,-157.8992982,21.3599071,0
1525,-157.8986492,21.3599106,0
1526,-157.8901056,21.3432728,0
1527,-157.8903584,21.3433191,0
1528,-157.8898745,21.3432736,0
1529,-157.8904578,21.3433445,0
1530,-157.889147,21.3432566,0
1531,-157.876747,21.3425901,0
1532,-157.8751378,21.3418086,0
1533,-157.8776771,21.3424323,0
1534,-157.8463608,21.3429972,0
1535,-157.8464204,21.3427105,0
1536,-157.7552145,21.2783227,0
1537,-157.7555743,21.279412,0
1538,-157.7551975,21.2776991,0
1539,-157.7516772,21.2781942,0
1540,-157.7110657,21.2844501,0
1541,-157.7114751,21.2845392,0
1542,-157.7117004,21.2842193,0
1543,-157.7112223,21.2840833,0
1544,-157.712837,21.2839452,0
1545,-157.7083619,21.2789212,0
1546,-157.7083105,21.2788803,0
1547,-157.8660654,21.3202438,0
1548,-157.700004,21.2826546,0
1549,-157.7001305,21.2824781,0
1550,-157.7002739,21.2822812,0
1551,-157.7030977,21.278346,0
1552,-157.703469,21.2777993,0
1553,-157.7042621,21.2767131,0
1554,-157.7046902,21.2761759,0
1555,-157.836876,21.3119429,0
1556,-157.8196978,21.2878205,0
1557,-157.8256145,21.2875828,0
1558,-157.8256424,21.2878619,0
1559,-157.8172787,21.2904533,0
1560,-157.8653255,21.3206965,0
1561,-157.742955,21.2804176,0
1562,-157.8663552,21.320663,0
1563,-157.7347748,21.2826528,0
1564,-157.7346148,21.2821086,0
1565,-157.7348965,21.2826218,0
1566,-157.8573765,21.3582247,0
1567,-157.8615298,21.3506429,0
1568,-157.8610315,21.3471936,0
1569,-157.8612851,21.3462109,0
1570,-157.8609969,21.3473276,0
1571,-157.8484617,21.3204817,0
1572,-157.8462513,21.3212169,0
1573,-157.8398256,21.3223967,0
1574,-157.839778,21.3226243,0
1575,-157.8390818,21.3228229,0
1576,-157.8402658,21.3224852,0
1577,-157.863011,21.3306486,0
1578,-157.8605144,21.3298777,0
1579,-157.8603523,21.3283066,0
1580,-157.8605095,21.3284249,0
1581,-157.8600393,21.3279631,0
1582,-157.8594616,21.3309984,0
1583,-157.8596249,21.3310285,0
1584,-157.8323501,21.3427245,0
1585,-157.8309439,21.3447009,0
1586,-157.8323219,21.3424545,0
1587,-157.8325461,21.3425316,0
1588,-157.8322135,21.3423814,0
1589,-157.8310919,21.3423947,0
1590,-157.8670774,21.3216476,0
1591,-157.8664376,21.3221753,0
1592,-157.8675882,21.3223548,0
1593,-157.8013392,21.3173267,0
1594,-157.8020464,21.3170826,0
1595,-157.882311,21.3240332,0
1596,-157.8824234,21.323917,0
1597,-157.8819156,21.32405,0
1598,-157.8823307,21.3243743,0
1599,-157.8812378,21.3233951,0
1600,-157.8834866,21.3255562,0
1601,-157.8679899,21.3230623,0
1602,-157.8193978,21.290414,0
1603,-157.8465042,21.3229706,0
1604,-157.8461519,21.3276795,0
1605,-157.8465414,21.3272998,0
1606,-157.8474945,21.326263,0
1607,-157.8461496,21.3273782,0
1608,-157.8454122,21.3287335,0
1609,-157.8454493,21.3290302,0
1610,-157.851563,21.3178631,0
1611,-157.8519529,21.3176191,0
1612,-157.8520224,21.3178622,0
1613,-157.8549933,21.3140487,0
1614,-157.8572495,21.3580657,0
1615,-157.8571945,21.3583352,0
1616,-157.8681105,21.3233411,0
1617,-157.8575475,21.3578913,0
1618,-157.8573236,21.3581572,0
1619,-157.8571383,21.3579419,0
1620,-157.870225,21.3366984,0
1621,-157.8679151,21.344989,0
1622,-157.8675522,21.3446875,0
1623,-157.8675254,21.3449349,0
1624,-157.8634782,21.3487913,0
1625,-157.8619849,21.3499466,0
1626,-157.8636424,21.3483883,0
1627,-157.8640376,21.3484392,0
1628,-157.8637987,21.3485928,0
1629,-157.867581,21.3452091,0
1630,-157.8667106,21.347125,0
1631,-157.8678105,21.3402747,0
1632,-157.8676847,21.3421454,0
1633,-157.8698396,21.3359672,0
1634,-157.8751258,21.3312609,0
1635,-157.8748722,21.3314719,0
1636,-157.8682667,21.3236835,0
1637,-157.875501,21.3308971,0
1638,-157.6994497,21.2745869,0
1639,-157.665419,21.2904441,0
1640,-157.665173,21.2905776,0
1641,-157.6649135,21.2907135,0
1642,-157.9304051,21.3400221,0
1643,-157.9301891,21.339902,0
1644,-157.9289755,21.3395001,0
1645,-157.9283526,21.3392787,0
1646,-157.929566,21.3410616,0
1647,-157.9288014,21.3424836,0
1648,-157.9262592,21.338703,0
1649,-157.9230351,21.3382311,0
1650,-157.9227979,21.3378482,0
1651,-157.919782,21.3377566,0
1652,-157.9187358,21.3375707,0
1653,-157.9183336,21.3375157,0
1654,-157.9184032,21.3371509,0
1655,-157.8687428,21.3246624,0
1656,-157.8690034,21.3251377,0
1657,-157.9181873,21.3374953,0
1658,-157.9170959,21.3373272,0
1659,-157.918087,21.3373462,0
1660,-157.9172992,21.3372272,0
1661,-157.9167794,21.3372805,0
1662,-157.9155468,21.3370989,0
1663,-157.9165704,21.3371167,0
1664,-157.9152508,21.3370538,0
1665,-157.9152928,21.3369051,0
1666,-157.9144244,21.3369294,0
1667,-157.9142403,21.3367638,0
1668,-157.9130852,21.3367226,0
1669,-157.9126314,21.3370811,0
1670,-157.9129583,21.3367031,0
1671,-157.9128413,21.3365829,0
1672,-157.9116399,21.3365002,0
1673,-157.9118304,21.336425,0
1674,-157.9107372,21.3363613,0
1675,-157.8692689,21.3255541,0
1676,-157.9105997,21.3362328,0
1677,-157.9090076,21.3360951,0
1678,-157.9088551,21.3359893,0
1679,-157.9081038,21.3359561,0
1680,-157.9073539,21.3358398,0
1681,-157.9071663,21.3357474,0
1682,-157.9057865,21.3355917,0
1683,-157.9059768,21.3355622,0
1684,-157.904456,21.3358731,0
1685,-157.9035158,21.3352004,0
1686,-157.902595,21.3351025,0
1687,-157.9027478,21.3350866,0
1688,-157.9014474,21.3345331,0
1689,-157.9011236,21.3348783,0
1690,-157.8695798,21.3260057,0
1691,-157.8361158,21.2847711,0
1692,-157.8887722,21.3331388,0
1693,-157.889423,21.3334132,0
1694,-157.8749509,21.3415801,0
1695,-157.8746613,21.3417413,0
1696,-157.8746243,21.3417619,0
1697,-157.8352079,21.29048,0
1698,-157.8346274,21.290289,0
1699,-157.8356868,21.2905502,0
1700,-157.8354653,21.2901273,0
1701,-157.8240361,21.2872235,0
1702,-157.8141928,21.2888039,0
1703,-157.892915,21.3450672,0
1704,-157.8935914,21.3440026,0
1705,-157.852293,21.3145775,0
1706,-157.8521568,21.314852,0
1707,-157.8527447,21.3133734,0
1708,-157.7915632,21.2846517,0
1709,-157.7923121,21.2833906,0
1710,-157.8697489,21.326231,0
1711,-157.8584187,21.3048985,0
1712,-157.8597964,21.304182,0
1713,-157.8584396,21.3052963,0
1714,-157.910858,21.368792,0
1715,-157.9276185,21.3608657,0
1716,-157.9275326,21.3608852,0
1717,-157.9284186,21.3639295,0
1718,-157.926852,21.3582418,0
1719,-157.9128252,21.3456627,0
1720,-157.9127387,21.3459853,0
1721,-157.9125132,21.3458156,0
1722,-157.8572504,21.3104912,0
1723,-157.8572095,21.3105152,0
1724,-157.8627602,21.3046942,0
1725,-157.8629492,21.3021272,0
1726,-157.9255595,21.3613857,0
1727,-157.9256954,21.3613646,0
1728,-157.9256875,21.3612515,0
1729,-157.9251408,21.3619788,0
1730,-157.7954363,21.2874824,0
1731,-157.7964474,21.2867016,0
1732,-157.9143959,21.3438977,0
1733,-157.9139831,21.3436992,0
1734,-157.9155622,21.3444522,0
1735,-157.8463371,21.2992611,0
1736,-157.8467619,21.2982369,0
1737,-157.8706343,21.327458,0
1738,-157.8741873,21.3420051,0
1739,-157.8783527,21.3421824,0
1740,-157.8887318,21.3264255,0
1741,-157.8315971,21.3158095,0
1742,-157.831679,21.3159034,0
1743,-157.8916985,21.3218027,0
1744,-157.8764552,21.3191421,0
1745,-157.8768741,21.319106,0
1746,-157.8767958,21.3195104,0
1747,-157.8768245,21.3191831,0
1748,-157.8712613,21.3283106,0
1749,-157.8712273,21.3282416,0
1750,-157.8712998,21.328716,0
1751,-157.871502,21.3285037,0
1752,-157.8701263,21.329884,0
1753,-157.7383028,21.2859312,0
1754,-157.7113068,21.2840494,0
1755,-157.9015746,21.3456064,0
1756,-157.9016643,21.3455858,0
1757,-157.9017143,21.3459227,0
1758,-157.9014738,21.34462,0
1759,-157.9014959,21.3447266,0
1760,-157.9013851,21.3446365,0
1761,-157.90141,21.3447431,0
1762,-157.9015026,21.3452372,0
1763,-157.90182,21.3458588,0
1764,-157.9034866,21.3443661,0
1765,-157.895519,21.3495539,0
1766,-157.8963461,21.3488563,0
1767,-157.8995414,21.3449671,0
1768,-157.9015934,21.345221,0
1769,-157.8951101,21.349759,0
1770,-157.9018087,21.3460581,0
1771,-157.9019144,21.3459942,0
1772,-157.9130546,21.3436137,0
1773,-157.9122094,21.3436081,0
1774,-157.9001871,21.3430889,0
1775,-157.9034423,21.3442283,0
1776,-157.8988335,21.3454206,0
1777,-157.9019213,21.3459637,0
1778,-157.8722418,21.3276715,0
1779,-157.8945287,21.3509726,0
1780,-157.8973398,21.3478433,0
1781,-157.8721262,21.3289103,0
1782,-157.8952844,21.3496054,0
1783,-157.8429078,21.3014523,0
1784,-157.8432225,21.3015633,0
1785,-157.8430671,21.3018617,0
1786,-157.8427808,21.3024646,0
1787,-157.8526592,21.308077,0
1788,-157.853011,21.3116665,0
1789,-157.8523112,21.307194,0
1790,-157.8533664,21.3125113,0
1791,-157.8519383,21.3201804,0
1792,-157.852306,21.3203352,0
1793,-157.8511038,21.3201855,0
1794,-157.8521643,21.3204931,0
1795,-157.8528684,21.3130494,0
1796,-157.8731929,21.3296549,0
1797,-157.8527067,21.3128304,0
1798,-157.852156,21.312135,0
1799,-157.8514773,21.3055961,0
1800,-157.8630362,21.3152895,0
1801,-157.8652732,21.3153118,0
1802,-157.8667384,21.3158932,0
1803,-157.8593595,21.3163176,0
1804,-157.8681962,21.3144252,0
1805,-157.9126599,21.3462694,0
1806,-157.9124947,21.3469704,0
1807,-157.9130237,21.3461823,0
1808,-157.9134568,21.3464934,0
1809,-157.9110508,21.3452817,0
1810,-157.9118108,21.3483465,0
1811,-157.9120848,21.3485448,0
1812,-157.9095287,21.346803,0
1813,-157.9137711,21.3436468,0
1814,-157.9217202,21.3701668,0
1815,-157.8750454,21.3307053,0
1816,-157.8654918,21.3135689,0
1817,-157.8646924,21.3106115,0
1818,-157.8650974,21.3139288,0
1819,-157.8668322,21.3151179,0
1820,-157.8672155,21.3149202,0
1821,-157.8662333,21.3140978,0
1822,-157.8654349,21.3139904,0
1823,-157.8651337,21.3142019,0
1824,-157.9145899,21.3369549,0
1825,-157.6802077,21.2939353,0
1826,-157.8762579,21.3302356,0
1827,-157.907533,21.3358682,0
1828,-157.8517696,21.31167,0
1829,-157.8520636,21.3120266,0
1830,-157.8511415,21.3108572,0
1831,-157.8519073,21.3122171,0
1832,-157.8706766,21.334936,0
1833,-157.8685747,21.3377137,0
1834,-157.8680728,21.3383833,0
1835,-157.8670471,21.3377742,0
1836,-157.8673036,21.3383071,0
1837,-157.8670364,21.337718,0
1838,-157.876233,21.3312398,0
1839,-157.8670622,21.3371449,0
1840,-157.8521253,21.3148924,0
1841,-157.8518399,21.3152699,0
1842,-157.8633211,21.3244848,0
1843,-157.8576485,21.2994196,0
1844,-157.8572994,21.2989233,0
1845,-157.8581448,21.2999801,0
1846,-157.8571749,21.2998797,0
1847,-157.85864,21.2983751,0
1848,-157.8063858,21.3577382,0
1849,-157.8765248,21.3313917,0
1850,-157.7663196,21.2791094,0
1851,-157.7655395,21.27911,0
1852,-157.7717922,21.2779506,0
1853,-157.8768338,21.3315356,0
1854,-157.8679063,21.3159913,0
1855,-157.8630364,21.2990886,0
1856,-157.8623766,21.2980853,0
1857,-157.8634415,21.2990711,0
1858,-157.8636289,21.2971131,0
1859,-157.8774028,21.3317771,0
1860,-157.8598255,21.3124261,0
1861,-157.8601547,21.3121696,0
1862,-157.8587859,21.313396,0
1863,-157.8776369,21.3318759,0
1864,-157.8783348,21.3312628,0
1865,-157.8598159,21.3117949,0
1866,-157.8393108,21.3099149,0
1867,-157.8393748,21.309567,0
1868,-157.9015175,21.3359437,0
1869,-157.867299,21.3401971,0
1870,-157.8667289,21.3411437,0
1871,-157.8674782,21.3399673,0
1872,-157.8779753,21.3320129,0
1873,-157.8595033,21.3282388,0
1874,-157.8785849,21.3324419,0
1875,-157.9001052,21.3521038,0
1876,-157.9000533,21.3501216,0
1877,-157.9001351,21.3529155,0
1878,-157.8788251,21.3328468,0
1879,-157.8995492,21.3537027,0
1880,-157.8989192,21.3550657,0
1881,-157.9004539,21.3571553,0
1882,-157.8990969,21.3542208,0
1883,-157.9017436,21.3570582,0
1884,-157.9020655,21.3562029,0
1885,-157.9009999,21.3578808,0
1886,-157.902716,21.3549247,0
1887,-157.9019389,21.3548473,0
1888,-157.9010024,21.354768,0
1889,-157.9001129,21.3541811,0
1890,-157.8791598,21.3334064,0
1891,-157.8988207,21.3567424,0
1892,-157.8857419,21.3536415,0
1893,-157.88575,21.3539579,0
1894,-157.8867182,21.3520677,0
1895,-157.8858992,21.3543936,0
1896,-157.8859394,21.3544539,0
1897,-157.888813,21.354928,0
1898,-157.8899265,21.3555676,0
1899,-157.8912377,21.3551491,0
1900,-157.8917731,21.3545902,0
1901,-157.8795203,21.3338222,0
1902,-157.843768,21.3308547,0
1903,-157.8798035,21.334054,0
1904,-157.8805091,21.3346165,0
1905,-157.8941466,21.355871,0
1906,-157.8937625,21.3561757,0
1907,-157.8935806,21.3540599,0
1908,-157.8808421,21.3348775,0
1909,-157.8679942,21.3137069,0
1910,-157.867877,21.3137617,0
1911,-157.8643711,21.3079561,0
1912,-157.8449006,21.3205103,0
1913,-157.8452354,21.3204543,0
1914,-157.8389131,21.3100329,0
1915,-157.8412442,21.3098823,0
1916,-157.8448946,21.3092128,0
1917,-157.713957,21.2885108,0
1918,-157.8618498,21.3505713,0
1919,-157.8632876,21.3012449,0
1920,-157.8632588,21.3009869,0
1921,-157.8636199,21.3009678,0
1922,-157.8632401,21.3008252,0
1923,-157.8910068,21.3327752,0
1924,-157.861452,21.346036,0
1925,-157.8617681,21.3457541,0
1926,-157.8611936,21.3460514,0
1927,-157.8628165,21.3137744,0
1928,-157.8809399,21.3230887,0
1929,-157.8813668,21.3229648,0
1930,-157.8796047,21.3216921,0
1931,-157.8798351,21.3211055,0
1932,-157.87918,21.3212989,0
1933,-157.8310998,21.2952243,0
1934,-157.8378617,21.3054416,0
1935,-157.8619373,21.314184,0
1936,-157.8403642,21.3029485,0
1937,-157.8915213,21.3671795,0
1938,-157.889375,21.3332537,0
1939,-157.889493,21.3334372,0
1940,-157.8611484,21.313298,0
1941,-157.8894802,21.3333892,0
1942,-157.9169699,21.3322872,0
1943,-157.8527502,21.3277801,0
1944,-157.9225481,21.3111466,0
1945,-157.902958,21.3262546,0
1946,-157.9324605,21.3520945,0
1947,-157.8794416,21.3215216,0
1948,-157.8793805,21.3214658,0
1949,-157.8795238,21.3218202,0
1950,-157.8787333,21.3221057,0
1951,-157.8789267,21.3219481,0
1952,-157.8776577,21.3226622,0
1953,-157.8764428,21.3232993,0
1954,-157.8750099,21.3248571,0
1955,-157.8243877,21.2959892,0
1956,-157.8245753,21.2955299,0
1957,-157.8242392,21.2960423,0
1958,-157.824456,21.2961649,0
1959,-157.8250026,21.2971432,0
1960,-157.8248106,21.2968795,0
1961,-157.8212941,21.2944572,0
1962,-157.9121983,21.3482279,0
1963,-157.7797335,21.2781816,0
1964,-157.7797623,21.2779215,0
1965,-157.7801024,21.2779603,0
1966,-157.7796209,21.2782235,0
1967,-157.7795856,21.2785209,0
1968,-157.8132836,21.2772586,0
1969,-157.7796947,21.2785342,0
1970,-157.879691,21.3212971,0
1971,-157.8845133,21.3308282,0
1972,-157.8130954,21.2766223,0
1973,-157.8571851,21.2958667,0
1974,-157.857738,21.2961266,0
1975,-157.8571361,21.2954987,0
1976,-157.8878447,21.3275103,0
1977,-157.887989,21.3273458,0
1978,-157.8881416,21.3271565,0
1979,-157.8107748,21.2866699,0
1980,-157.8105963,21.2865828,0
1981,-157.8604687,21.321213,0
1982,-157.8846441,21.3716253,0
1983,-157.8846232,21.3716628,0
1984,-157.8856487,21.3709128,0
1985,-157.8906954,21.3326787,0
1986,-157.8151917,21.3261363,0
1987,-157.823282,21.2872544,0
1988,-157.8224199,21.2864918,0
1989,-157.8238566,21.287397,0
1990,-157.7978063,21.2739801,0
1991,-157.7969015,21.2755423,0
1992,-157.8170954,21.2581709,0
1993,-157.817481,21.2587538,0
1994,-157.7987308,21.2723969,0
1995,-157.7994858,21.2673075,0
1996,-157.8420787,21.3159942,0
1997,-157.8358566,21.2908767,0
1998,-157.8362205,21.2905748,0
1999,-157.8360577,21.2913321,0
2000,-157.8371809,21.2907694,0
2001,-157.7959861,21.2771209,0
2002,-157.7556875,21.2802596,0
2003,-157.7556893,21.2810394,0
2004,-157.7557583,21.2818186,0
2005,-157.755864,21.2823865,0
2006,-157.7559185,21.2825526,0
2007,-157.7558363,21.2837076,0
2008,-157.7543512,21.2847258,0
2009,-157.796896,21.2775793,0
2010,-157.7950867,21.2786931,0
2011,-157.7959824,21.2791605,0
2012,-157.7025671,21.2957912,0
2013,-157.7026673,21.296226,0
2014,-157.7025551,21.2953979,0
2015,-157.7047247,21.2937553,0
2016,-157.7045685,21.2942732,0
2017,-157.7048538,21.2932571,0
2018,-157.7941839,21.2802151,0
2019,-157.7047193,21.2927947,0
2020,-157.7045671,21.2924009,0
2021,-157.7045914,21.292115,0
2022,-157.7034795,21.2980104,0
2023,-157.7037264,21.2989833,0
2024,-157.7950764,21.2806867,0
2025,-157.703154,21.2975977,0
2026,-157.7032162,21.300268,0
2027,-157.7025074,21.2950207,0
2028,-157.7932239,21.2818229,0
2029,-157.8365628,21.2922168,0
2030,-157.8364826,21.2922413,0
2031,-157.7932782,21.2797477,0
2032,-157.8543652,21.305988,0
2033,-157.8545598,21.3061121,0
2034,-157.8543564,21.3062158,0
2035,-157.7321364,21.2825914,0
2036,-157.8368364,21.2950481,0
2037,-157.8369142,21.2973023,0
2038,-157.8366823,21.2928507,0
2039,-157.9270789,21.360927,0
2040,-157.926352,21.3610984,0
2041,-157.8856252,21.3268829,0
2042,-157.8857542,21.3267503,0
2043,-157.885023,21.3266797,0
2044,-157.8504313,21.3017343,0
2045,-157.8524333,21.2992606,0
2046,-157.8502349,21.3019875,0
2047,-157.8504836,21.3020801,0
2048,-157.8529012,21.299204,0
2049,-157.8533742,21.2998609,0
2050,-157.8527021,21.2989279,0
2051,-157.878651,21.322019,0
2052,-157.8203036,21.2877442,0
2053,-157.8856403,21.3095664,0
2054,-157.8552748,21.3331755,0
2055,-157.8556876,21.3329399,0
2056,-157.8296794,21.2825233,0
2057,-157.8145948,21.2901861,0
2058,-157.8557509,21.3038252,0
2059,-157.8554915,21.3033988,0
2060,-157.8548275,21.3019508,0
2061,-157.856069,21.3006881,0
2062,-157.8531775,21.2983899,0
2063,-157.849864,21.2963402,0
2064,-157.8501282,21.2958276,0
2065,-157.8480839,21.2949277,0
2066,-157.8458735,21.2956877,0
2067,-157.8395489,21.2926207,0
2068,-157.8300438,21.2887178,0
2069,-157.8288623,21.288302,0
2070,-157.8274131,21.2886536,0
2071,-157.8386611,21.3059001,0
2072,-157.6839514,21.3073332,0
2073,-157.7887501,21.3062344,0
2074,-157.7886807,21.3053281,0
2075,-157.789566,21.3063043,0
2076,-157.6733603,21.2987246,0
2077,-157.6732651,21.2993594,0
2078,-157.6730914,21.2999843,0
2079,-157.6728343,21.3006077,0
2080,-157.6723837,21.3018472,0
2081,-157.6722904,21.3026132,0
2082,-157.6723303,21.3034787,0
2083,-157.6724008,21.3041775,0
2084,-157.6724478,21.3048481,0
2085,-157.6727058,21.3083249,0
2086,-157.6726683,21.3078018,0
2087,-157.6727378,21.3087398,0
2088,-157.8593086,21.3283053,0
2089,-157.8590372,21.3285215,0
2090,-157.8482214,21.3068478,0
2091,-157.8468758,21.3063712,0
2092,-157.8416194,21.3240264,0
2093,-157.8168093,21.3073273,0
2094,-157.8175603,21.3060879,0
2095,-157.8165947,21.3074673,0
2096,-157.8161355,21.308076,0
2097,-157.8145777,21.3100161,0
2098,-157.8153308,21.3079336,0
2099,-157.8144054,21.3102498,0
2100,-157.8139085,21.3108919,0
2101,-157.8130113,21.3128047,0
2102,-157.8120212,21.3153434,0
2103,-157.8114403,21.3145724,0
2104,-157.80843,21.3176323,0
2105,-157.813712,21.3138311,0
2106,-157.887324,21.3281642,0
2107,-157.8874709,21.328001,0
2108,-157.8035103,21.3236436,0
2109,-157.8031628,21.324349,0
2110,-157.8038768,21.3229431,0
2111,-157.8360511,21.2969806,0
2112,-157.8357435,21.297867,0
2113,-157.8345541,21.2964344,0
2114,-157.8353806,21.2987236,0
2115,-157.8368466,21.2992507,0
2116,-157.887391,21.3302524,0
2117,-157.8314051,21.2990416,0
2118,-157.8332354,21.301915,0
2119,-157.8324585,21.3029089,0
2120,-157.8312317,21.3040595,0
2121,-157.8302437,21.3050057,0
2122,-157.8282702,21.305321,0
2123,-157.8308544,21.3056143,0
2124,-157.8288816,21.3438027,0
2125,-157.686228,21.3005923,0
2126,-157.8565106,21.3173383,0
2127,-157.9101661,21.3566117,0
2128,-157.9260742,21.3553941,0
2129,-157.9251083,21.3516371,0
2130,-157.9265409,21.3570628,0
2131,-157.8267514,21.2902259,0
2132,-157.8260758,21.2896598,0
2133,-157.8271076,21.2894117,0
2134,-157.8255508,21.2932305,0
2135,-157.8287692,21.2917554,0
2136,-157.823543,21.2899972,0
2137,-157.8216319,21.2858131,0
2138,-157.8174903,21.2822051,0
2139,-157.8168498,21.281631,0
2140,-157.8161449,21.2810272,0
2141,-157.8154749,21.2804291,0
2142,-157.8148359,21.2798606,0
2143,-157.7896601,21.3080498,0
2144,-157.7897109,21.3087184,0
2145,-157.7895979,21.3073221,0
2146,-157.7956989,21.2810141,0
2147,-157.7959877,21.2811623,0
2148,-157.8504198,21.3165993,0
2149,-157.8500818,21.3168841,0
2150,-157.85053,21.3164602,0
2151,-157.8632858,21.3190298,0
2152,-157.8561247,21.3246011,0
2153,-157.8552736,21.3252935,0
2154,-157.8549363,21.3255695,0
2155,-157.8547402,21.3257267,0
2156,-157.8543328,21.3260492,0
2157,-157.8530935,21.3273404,0
2158,-157.8495601,21.3301633,0
2159,-157.8486424,21.3307673,0
2160,-157.8492196,21.3314477,0
2161,-157.8480422,21.3322481,0
2162,-157.8481131,21.3301416,0
2163,-157.8478031,21.3326491,0
2164,-157.847236,21.3335428,0
2165,-157.8469949,21.3342377,0
2166,-157.8472887,21.334898,0
2167,-157.8418743,21.3231158,0
2168,-157.8121949,21.2735477,0
2169,-157.8123718,21.2741409,0
2170,-157.8120221,21.2729377,0
2171,-157.807669,21.2747054,0
2172,-157.8087933,21.2758428,0
2173,-157.8683355,21.3333535,0
2174,-157.8684926,21.3332416,0
2175,-157.8832368,21.3207899,0
2176,-157.8850563,21.3211952,0
2177,-157.8824386,21.3212056,0
2178,-157.8568597,21.3177752,0
2179,-157.8843227,21.3219537,0
2180,-157.8838599,21.3224321,0
2181,-157.8847808,21.32148,0
2182,-157.7995458,21.2951557,0
2183,-157.8116706,21.2716218,0
2184,-157.8118355,21.2723261,0
2185,-157.8115647,21.2709355,0
2186,-157.8609449,21.3474669,0
2187,-157.7641001,21.2918726,0
2188,-157.7638255,21.2924884,0
2189,-157.7997785,21.2948068,0
2190,-157.7027428,21.2915736,0
2191,-157.7001044,21.2913762,0
2192,-157.7025909,21.2923407,0
2193,-157.7047567,21.2916916,0
2194,-157.7034429,21.3006627,0
2195,-157.7038596,21.3016865,0
2196,-157.7037178,21.3022658,0
2197,-157.7024923,21.303262,0
2198,-157.7020686,21.304363,0
2199,-157.7013263,21.3048563,0
2200,-157.9018797,21.3318458,0
2201,-157.9017184,21.3328363,0
2202,-157.8026192,21.3130292,0
2203,-157.8033504,21.3126894,0
2204,-157.8013168,21.3139042,0
2205,-157.8329086,21.2855462,0
2206,-157.8692491,21.3296402,0
2207,-157.8696236,21.3301947,0
2208,-157.8092514,21.2762769,0
2209,-157.7616282,21.2949515,0
2210,-157.7628899,21.2938159,0
2211,-157.8186284,21.3490201,0
2212,-157.7960074,21.2730529,0
2213,-157.7969416,21.2714886,0
2214,-157.8226318,21.347225,0
2215,-157.8098551,21.2800845,0
2216,-157.8098503,21.280465,0
2217,-157.8098685,21.2794632,0
2218,-157.8103543,21.2800232,0
2219,-157.876357,21.323209,0
2220,-157.8805052,21.3259184,0
2221,-157.8821388,21.3273045,0
2222,-157.8838429,21.3287984,0
2223,-157.7247642,21.2856618,0
2224,-157.7259863,21.285331,0
2225,-157.8238174,21.292615,0
2226,-157.8845928,21.3279594,0
2227,-157.7650822,21.2794711,0
2228,-157.7932825,21.2647785,0
2229,-157.7941409,21.2647705,0
2230,-157.7923212,21.2651545,0
2231,-157.7916689,21.2651545,0
2232,-157.8502136,21.3190711,0
2233,-157.7986006,21.2941715,0
2234,-157.7970882,21.293397,0
2235,-157.876661,21.3298323,0
2236,-157.877125,21.3293563,0
2237,-157.8306575,21.3001921,0
2238,-157.8083205,21.2854235,0
2239,-157.8357938,21.338997,0
2240,-157.7143942,21.2879959,0
2241,-157.7148302,21.287498,0
2242,-157.8171959,21.2741982,0
2243,-157.818001,21.2748881,0
2244,-157.9274541,21.3449912,0
2245,-157.9272631,21.3453372,0
2246,-157.7940883,21.3026094,0
2247,-157.7944488,21.3022576,0
2248,-157.7929204,21.3042128,0
2249,-157.85219,21.3379767,0
2250,-157.8200428,21.295007,0
2251,-157.7988499,21.2877717,0
2252,-157.7993125,21.2869846,0
2253,-157.798386,21.2885647,0
2254,-157.786724,21.2923894,0
2255,-157.7863893,21.2918456,0
2256,-157.7869729,21.2927733,0
2257,-157.8101857,21.2863737,0
2258,-157.8516742,21.317716,0
2259,-157.8090104,21.2857749,0
2260,-157.8513875,21.317277,0
2261,-157.8055461,21.2840187,0
2262,-157.8057799,21.2862081,0
2263,-157.8043743,21.2834253,0
2264,-157.7985073,21.2814336,0
2265,-157.7977827,21.2800771,0
2266,-157.7968838,21.2796123,0
2267,-157.7892058,21.2758496,0
2268,-157.7889884,21.2769953,0
2269,-157.8581357,21.3099008,0
2270,-157.6845898,21.3058273,0
2271,-157.8665025,21.3248954,0
2272,-157.8291807,21.279322,0
2273,-157.8285531,21.2787376,0
2274,-157.8270636,21.2802157,0
2275,-157.8348583,21.3039042,0
2276,-157.723272,21.2871825,0
2277,-157.7232791,21.2874136,0
2278,-157.8642057,21.344563,0
2279,-157.8636211,21.3448588,0
2280,-157.779742,21.2709384,0
2281,-157.8497918,21.3199426,0
2282,-157.7895422,21.2632091,0
2283,-157.8503907,21.3201732,0
2284,-157.7855234,21.2653305,0
2285,-157.8272931,21.2972358,0
2286,-157.7958049,21.3008262,0
2287,-157.8775722,21.3225786,0
2288,-157.8814536,21.3249186,0
2289,-157.8809603,21.3254451,0
2290,-157.882957,21.326427,0
2291,-157.8826244,21.326828,0
2292,-157.8843124,21.3282756,0
2293,-157.837164,21.3237105,0
2294,-157.7933581,21.2896654,0
2295,-157.7908815,21.2951723,0
2296,-157.7898241,21.2962976,0
2297,-157.790266,21.2948712,0
2298,-157.7894546,21.2963456,0
2299,-157.7890679,21.2964508,0
2300,-157.7871357,21.2972956,0
2301,-157.7869617,21.2972112,0
2302,-157.789505,21.2947199,0
2303,-157.7897983,21.2936199,0
2304,-157.7880458,21.2936929,0
2305,-157.7946119,21.2893264,0
2306,-157.7969121,21.2865993,0
2307,-157.8382702,21.3368937,0
2308,-157.8373951,21.3376354,0
2309,-157.883812,21.3456362,0
2310,-157.8832181,21.3462288,0
2311,-157.7979386,21.2893377,0
2312,-157.9222442,21.3477247,0
2313,-157.8632659,21.3311848,0
2314,-157.8637878,21.3321631,0
2315,-157.8646956,21.3332889,0
2316,-157.8652518,21.3328853,0
2317,-157.8342115,21.3036106,0
2318,-157.8652813,21.3340441,0
2319,-157.8641191,21.3336927,0
2320,-157.866007,21.3349812,0
2321,-157.8665296,21.3345596,0
2322,-157.8654301,21.335363,0
2323,-157.8668523,21.3355853,0
2324,-157.836818,21.3241503,0
2325,-157.8363647,21.3240041,0
2326,-157.822399,21.2912726,0
2327,-157.809576,21.2811231,0
2328,-157.8088637,21.2816578,0
2329,-157.8046131,21.3145885,0
2330,-157.8708772,21.337164,0
2331,-157.8715695,21.3376708,0
2332,-157.8875283,21.3217413,0
2333,-157.8861035,21.3214431,0
2334,-157.8780544,21.3283844,0
2335,-157.8775957,21.3288629,0
2336,-157.8785318,21.3279022,0
2337,-157.880205,21.329307,0
2338,-157.824665,21.2993641,0
2339,-157.8245025,21.2993556,0
2340,-157.8181783,21.2601678,0
2341,-157.926734,21.3468305,0
2342,-157.8628564,21.2963055,0
2343,-157.8621595,21.2955387,0
2344,-157.8614719,21.2949201,0
2345,-157.8606205,21.2946192,0
2346,-157.8596543,21.2942539,0
2347,-157.831058,21.3058172,0
2348,-157.8314521,21.3062127,0
2349,-157.7860824,21.265955,0
2350,-157.7978077,21.2780372,0
2351,-157.8338662,21.3048877,0
2352,-157.8330048,21.3057857,0
2353,-157.8246798,21.3061891,0
2354,-157.824321,21.3063941,0
2355,-157.8252436,21.3058743,0
2356,-157.821349,21.3049476,0
2357,-157.798355,21.3634406,0
2358,-157.8887636,21.3695862,0
2359,-157.9014748,21.3342109,0
2360,-157.8333777,21.3032598,0
2361,-157.8097545,21.2919482,0
2362,-157.8657369,21.3282917,0
2363,-157.9140764,21.3468981,0
2364,-157.9127084,21.3489541,0
2365,-157.9132851,21.3493613,0
2366,-157.9115497,21.3509326,0
2367,-157.9135828,21.3506478,0
2368,-157.9111078,21.3508807,0
2369,-157.9213398,21.3651662,0
2370,-157.848862,21.32443,0
2371,-157.8162256,21.2907215,0
2372,-157.7749139,21.2772412,0
2373,-157.8658698,21.3226497,0
2374,-157.793314,21.2696262,0
2375,-157.8537121,21.3055714,0
2376,-157.8520398,21.3065805,0
2377,-157.8518366,21.3062264,0
2378,-157.8077584,21.2697425,0
2379,-157.811337,21.2695786,0
2380,-157.8052057,21.3127925,0
2381,-157.8040569,21.3119379,0
2382,-157.803905,21.3117699,0
2383,-157.8050306,21.3106877,0
2384,-157.847056,21.328834,0
2385,-157.8508412,21.3162177,0
2386,-157.8506434,21.3163616,0
2387,-157.849096,21.3176158,0
2388,-157.848465,21.3179727,0
2389,-157.8466003,21.3202473,0
2390,-157.8517624,21.3059762,0
2391,-157.8609356,21.3010549,0
2392,-157.8600363,21.30004,0
2393,-157.8603753,21.3014869,0
2394,-157.8623408,21.3025904,0
2395,-157.8597785,21.301883,0
2396,-157.8593454,21.3020867,0
2397,-157.8611985,21.3034256,0
2398,-157.8589242,21.3009113,0
2399,-157.858307,21.3024245,0
2400,-157.8586527,21.302808,0
2401,-157.8570746,21.3028488,0
2402,-157.672502,21.3055836,0
2403,-157.6725801,21.3065574,0
2404,-157.6726286,21.3071913,0
2405,-157.9310482,21.3447647,0
2406,-157.8657957,21.3325214,0
2407,-157.8663727,21.3321217,0
2408,-157.8324959,21.284844,0
2409,-157.8322598,21.2844826,0
2410,-157.7920403,21.3053682,0
2411,-157.9100392,21.3688344,0
2412,-157.8612905,21.3114792,0
2413,-157.8620274,21.311037,0
2414,-157.8609152,21.31092,0
2415,-157.8603502,21.311291,0
2416,-157.8354087,21.3112013,0
2417,-157.8421798,21.3224687,0
2418,-157.8415441,21.3221114,0
2419,-157.8406434,21.3223813,0
2420,-157.8420596,21.3219415,0
2421,-157.8425505,21.3030394,0
2422,-157.8424148,21.3033062,0
2423,-157.8474627,21.3293427,0
2424,-157.847956,21.329934,0
2425,-157.9022512,21.3296536,0
2426,-157.7967851,21.2637419,0
2427,-157.7912655,21.2655784,0
2428,-157.7894872,21.3022763,0
2429,-157.7892474,21.3025295,0
2430,-157.7901019,21.302754,0
2431,-157.7900244,21.3014848,0
2432,-157.7868979,21.2940107,0
2433,-157.7862889,21.2940603,0
2434,-157.8231459,21.2722987,0
2435,-157.8227395,21.2714705,0
2436,-157.819294,21.2759809,0
2437,-157.8199586,21.2765753,0
2438,-157.7947578,21.3000985,0
2439,-157.8208421,21.308394,0
2440,-157.8190613,21.3093998,0
2441,-157.8226533,21.3073539,0
2442,-157.7935357,21.2991548,0
2443,-157.7904295,21.3030253,0
2444,-157.7926225,21.2985528,0
2445,-157.8131872,21.2690464,0
2446,-157.8151083,21.269092,0
2447,-157.7636362,21.276109,0
2448,-157.7885256,21.303098,0
2449,-157.7889213,21.3027934,0
2450,-157.790551,21.3006187,0
2451,-157.7586415,21.2768518,0
2452,-157.7574249,21.2771415,0
2453,-157.7951327,21.2944391,0
2454,-157.8098957,21.2787917,0
2455,-157.719542,21.2857578,0
2456,-157.79748,21.2901231,0
2457,-157.8683795,21.3320233,0
2458,-157.8690317,21.3328284,0
2459,-157.8678317,21.331242,0
2460,-157.8454362,21.3013409,0
2461,-157.8458389,21.3004558,0
2462,-157.8436396,21.3007141,0
2463,-157.8317964,21.3024861,0
2464,-157.8369028,21.2982459,0
2465,-157.8251669,21.2940366,0
2466,-157.8248322,21.2948598,0
2467,-157.8273966,21.3053383,0
2468,-157.824119,21.3065057,0
2469,-157.8180386,21.3099924,0
2470,-157.817517,21.3103329,0
2471,-157.8166164,21.3109594,0
2472,-157.8160101,21.3115009,0
2473,-157.8150939,21.3122641,0
2474,-157.8147174,21.3126789,0
2475,-157.814346,21.3131014,0
2476,-157.80784,21.318162,0
2477,-157.8071211,21.3187517,0
2478,-157.8057156,21.3204308,0
2479,-157.8022341,21.3267647,0
2480,-157.8615684,21.3062529,0
2481,-157.860834,21.3054154,0
2482,-157.860636,21.3068091,0
2483,-157.8603195,21.307019,0
2484,-157.8596329,21.3061244,0
2485,-157.8586646,21.308096,0
2486,-157.808977,21.2933742,0
2487,-157.8078693,21.2949571,0
2488,-157.8114529,21.2702555,0
2489,-157.8006528,21.2794783,0
2490,-157.7986947,21.2784996,0
2491,-157.7977598,21.2820933,0
2492,-157.7961568,21.2861674,0
2493,-157.8195178,21.308141,0
2494,-157.8494228,21.3062728,0
2495,-157.850721,21.3072935,0
2496,-157.8472367,21.305431,0
2497,-157.8446901,21.3031617,0
2498,-157.8422452,21.3036447,0
2499,-157.841305,21.3033059,0
2500,-157.7996333,21.272858,0
2501,-157.7899535,21.2719971,0
2502,-157.7896699,21.2734589,0
2503,-157.7905274,21.2692977,0
2504,-157.8115902,21.2840301,0
2505,-157.8108785,21.2833021,0
2506,-157.8100527,21.2824974,0
2507,-157.8080813,21.2822574,0
2508,-157.7978316,21.2719323,0
2509,-157.8576156,21.2972562,0
2510,-157.8570788,21.2966021,0
2511,-157.858103,21.2977843,0
2512,-157.8565761,21.2980109,0
2513,-157.8570567,21.2985659,0
2514,-157.8560456,21.2973758,0
2515,-157.8590888,21.2955057,0
2516,-157.8830226,21.3729621,0
2517,-157.8819322,21.3734032,0
2518,-157.8473607,21.339897,0
2519,-157.8467278,21.3405578,0
2520,-157.7815662,21.2832586,0
2521,-157.7810942,21.2849461,0
2522,-157.6845707,21.3052375,0
2523,-157.6851361,21.3021102,0
2524,-157.7960409,21.2709888,0
2525,-157.7981186,21.2694748,0
2526,-157.8299306,21.3012506,0
2527,-157.7951298,21.270526,0
2528,-157.8363946,21.3384724,0
2529,-157.7916681,21.2789042,0
2530,-157.8657462,21.3248693,0
2531,-157.8500443,21.3159146,0
2532,-157.7942283,21.2700791,0
2533,-157.8721138,21.3380665,0
2534,-157.9249155,21.3585066,0
2535,-157.7917157,21.2688267,0
2536,-157.9229521,21.3638023,0
2537,-157.8486134,21.3045896,0
2538,-157.8476782,21.3042295,0
2539,-157.8473184,21.296885,0
2540,-157.8455855,21.2962956,0
2541,-157.8453155,21.2969697,0
2542,-157.8425115,21.2992808,0
2543,-157.8725251,21.3385231,0
2544,-157.8498759,21.3321907,0
2545,-157.8502818,21.3327144,0
2546,-157.8507181,21.3332485,0
2547,-157.7868307,21.2713642,0
2548,-157.7881745,21.2896902,0
2549,-157.787588,21.288117,0
2550,-157.7872303,21.2895021,0
2551,-157.7859682,21.2724166,0
2552,-157.8902908,21.3244898,0
2553,-157.8287074,21.3004425,0
2554,-157.8646985,21.3357993,0
2555,-157.8624869,21.3353596,0
2556,-157.7847629,21.2762698,0
2557,-157.8607034,21.3352734,0
2558,-157.8595822,21.3355133,0
2559,-157.8585924,21.3356994,0
2560,-157.8594213,21.3348487,0
2561,-157.8591852,21.3329599,0
2562,-157.8629047,21.3341921,0
2563,-157.8615545,21.3344553,0
2564,-157.8614648,21.3073564,0
2565,-157.8566084,21.3002914,0
2566,-157.7853346,21.2835742,0
2567,-157.8549007,21.2982295,0
2568,-157.8542954,21.2975771,0
2569,-157.8537431,21.2979782,0
2570,-157.7870438,21.2810786,0
2571,-157.8548944,21.2971233,0
2572,-157.7973526,21.3198202,0
2573,-157.7984119,21.3165276,0
2574,-157.7988317,21.3207385,0
2575,-157.9098233,21.3449,0
2576,-157.9104854,21.3451106,0
2577,-157.9086941,21.344942,0
2578,-157.7841845,21.2868532,0
2579,-157.8488536,21.3014997,0
2580,-157.848108,21.3033571,0
2581,-157.8494602,21.3038372,0
2582,-157.8452741,21.3033759,0
2583,-157.8400792,21.3355486,0
2584,-157.7834634,21.2877264,0
2585,-157.8706497,21.3129758,0
2586,-157.868597,21.3307875,0
2587,-157.8684151,21.330914,0
2588,-157.8670148,21.3317275,0
2589,-157.866738,21.3318882,0
2590,-157.8605585,21.3346438,0
2591,-157.7818756,21.2930512,0
2592,-157.8677021,21.3264155,0
2593,-157.8882644,21.3499928,0
2594,-157.7814016,21.2732087,0
2595,-157.8275891,21.299736,0
2596,-157.8429407,21.2968871,0
2597,-157.8426114,21.2993152,0
2598,-157.686615,21.2945842,0
2599,-157.6848683,21.2934307,0
2600,-157.7994069,21.315083,0
2601,-157.8910458,21.3674909,0
2602,-157.8904261,21.367876,0
2603,-157.832123,21.2871848,0
2604,-157.8371399,21.2993723,0
2605,-157.8369239,21.2941008,0
2606,-157.8367973,21.2928311,0
2607,-157.8338333,21.2871623,0
2608,-157.8315898,21.2867349,0
2609,-157.8313337,21.2829248,0
2610,-157.8302486,21.2829739,0
2611,-157.8322745,21.2788395,0
2612,-157.8297697,21.2800631,0
2613,-157.8260608,21.2765505,0
2614,-157.8249326,21.2753697,0
2615,-157.8242715,21.2744438,0
2616,-157.8239716,21.2738839,0
2617,-157.8235735,21.2731147,0
2618,-157.818232,21.2605098,0
2619,-157.8174771,21.2650605,0
2620,-157.8820751,21.3218216,0
2621,-157.8817321,21.3224038,0
2622,-157.8828915,21.3234332,0
2623,-157.884056,21.3253005,0
2624,-157.8845316,21.324813,0
2625,-157.8862221,21.3262292,0
2626,-157.9146128,21.3505504,0
2627,-157.9150256,21.3511439,0
2628,-157.9142936,21.3500657,0
2629,-157.915675,21.3482696,0
2630,-157.7677651,21.2813559,0
2631,-157.7684002,21.2815558,0
2632,-157.7652458,21.2804177,0
2633,-157.8605852,21.2962348,0
2634,-157.8600269,21.2959563,0
2635,-157.8583472,21.2980688,0
2636,-157.8617664,21.3121866,0
2637,-157.8607278,21.3128103,0
2638,-157.9170118,21.3451098,0
2639,-157.7997828,21.3158179,0
2640,-157.7501813,21.2803428,0
2641,-157.7505343,21.2810862,0
2642,-157.7515778,21.2832916,0
2643,-157.7521896,21.2845823,0
2644,-157.7519246,21.2840295,0
2645,-157.7522767,21.2847787,0
2646,-157.8729199,21.3390268,0
2647,-157.818603,21.2899593,0
2648,-157.841956,21.333033,0
2649,-157.8412347,21.3340327,0
2650,-157.8080195,21.2823386,0
2651,-157.7984718,21.2969458,0
2652,-157.8320373,21.2975051,0
2653,-157.786312,21.2915817,0
2654,-157.7863206,21.2909099,0
2655,-157.7112915,21.2991733,0
2656,-157.7111196,21.2999615,0
2657,-157.7109519,21.3007609,0
2658,-157.9155499,21.3519167,0
2659,-157.9185366,21.352417,0
2660,-157.7806901,21.2849168,0
2661,-157.7794291,21.2867856,0
2662,-157.8289019,21.2843783,0
2663,-157.8294462,21.2848415,0
2664,-157.905842,21.3454064,0
2665,-157.904369,21.3450729,0
2666,-157.8615346,21.3084993,0
2667,-157.8609284,21.3077537,0
2668,-157.8603886,21.3093077,0
2669,-157.8434127,21.321513,0
2670,-157.8459134,21.3203504,0
2671,-157.8461152,21.3203163,0
2672,-157.8424888,21.321046,0
2673,-157.7065878,21.2734438,0
2674,-157.8897988,21.3684329,0
2675,-157.823449,21.2765684,0
2676,-157.824169,21.2773412,0
2677,-157.7147668,21.2892406,0
2678,-157.7171946,21.2921784,0
2679,-157.8131212,21.3077222,0
2680,-157.8072636,21.3091209,0
2681,-157.8801581,21.338808,0
2682,-157.8792562,21.3394992,0
2683,-157.8759677,21.3411024,0
2684,-157.8732523,21.3425484,0
2685,-157.8719525,21.3432999,0
2686,-157.8711458,21.3440628,0
2687,-157.8703217,21.3448443,0
2688,-157.8693985,21.3457381,0
2689,-157.85576,21.3328612,0
2690,-157.783067,21.2804477,0
2691,-157.782384,21.2804095,0
2692,-157.7805545,21.2804002,0
2693,-157.833546,21.2960908,0
2694,-157.8324226,21.2956999,0
2695,-157.8326862,21.2977256,0
2696,-157.8607609,21.311771,0
2697,-157.7236372,21.2911159,0
2698,-157.7235867,21.2904846,0
2699,-157.8597579,21.3117308,0
2700,-157.7902506,21.2659036,0
2701,-157.7900165,21.2644489,0
2702,-157.8283322,21.2839044,0
2703,-157.7525015,21.285073,0
2704,-157.8454243,21.3023902,0
2705,-157.8086937,21.2965434,0
2706,-157.8077817,21.2967121,0
2707,-157.8067306,21.2969185,0
2708,-157.8014351,21.3003832,0
2709,-157.8010625,21.3010209,0
2710,-157.8008588,21.302034,0
2711,-157.8006327,21.3031888,0
2712,-157.8097846,21.2768092,0
2713,-157.8069439,21.2868135,0
2714,-157.8046139,21.2856139,0
2715,-157.8050991,21.2879599,0
2716,-157.85665,21.3541731,0
2717,-157.9148241,21.3579937,0
2718,-157.9158765,21.35868,0
2719,-157.8411241,21.3215257,0
2720,-157.8417936,21.3212779,0
2721,-157.840446,21.3217416,0
2722,-157.8664654,21.3418735,0
2723,-157.8662064,21.3246028,0
2724,-157.8674146,21.3260603,0
2725,-157.8402422,21.3274383,0
2726,-157.8397607,21.3265288,0
2727,-157.8262944,21.2954367,0
2728,-157.8268341,21.2956307,0
2729,-157.8273827,21.293888,0
2730,-157.8616289,21.3104817,0
2731,-157.8595444,21.3087807,0
2732,-157.857061,21.3045126,0
2733,-157.8526879,21.3028905,0
2734,-157.852257,21.302735,0
2735,-157.8498361,21.3029277,0
2736,-157.8461038,21.2998201,0
2737,-157.8440694,21.2998199,0
2738,-157.8257888,21.2966883,0
2739,-157.8281275,21.2941645,0
2740,-157.8275478,21.2939484,0
2741,-157.8246697,21.2929254,0
2742,-157.8278349,21.295991,0
2743,-157.8443616,21.2992253,0
2744,-157.879711,21.3411207,0
2745,-157.8354545,21.3120676,0
2746,-157.8217189,21.2951548,0
2747,-157.8592944,21.311243,0
2748,-157.8508058,21.3043262,0
2749,-157.8450497,21.3022507,0
2750,-157.8388539,21.2999807,0
2751,-157.8275291,21.2958802,0
2752,-157.8018145,21.2800758,0
2753,-157.8029712,21.2806671,0
2754,-157.8129049,21.275995,0
2755,-157.7835947,21.3037238,0
2756,-157.8127356,21.2753721,0
2757,-157.8125527,21.2747565,0
2758,-157.788059,21.3014415,0
2759,-157.7855695,21.3021243,0
2760,-157.9173413,21.3601116,0
2761,-157.9192827,21.3521228,0
2762,-157.8954188,21.3432643,0
2763,-157.8949729,21.3441972,0
2764,-157.7897634,21.3094247,0
2765,-157.8595146,21.3502161,0
2766,-157.8506487,21.2953811,0
2767,-157.8482812,21.2944085,0
2768,-157.8286725,21.3439226,0
2769,-157.9249745,21.3477349,0
2770,-157.7650008,21.2800253,0
2771,-157.8310711,21.2862465,0
2772,-157.8305176,21.2857731,0
2773,-157.8299928,21.2853186,0
2774,-157.8277574,21.2834034,0
2775,-157.8270655,21.2827946,0
2776,-157.8257091,21.2815921,0
2777,-157.8250776,21.2809978,0
2778,-157.8243888,21.2803957,0
2779,-157.8230637,21.2792671,0
2780,-157.8236636,21.2797792,0
2781,-157.822501,21.2787584,0
2782,-157.8206206,21.2771387,0
2783,-157.818637,21.2754264,0
2784,-157.811093,21.2798233,0
2785,-157.8119609,21.279599,0
2786,-157.8527125,21.3599834,0
2787,-157.8586113,21.3290491,0
2788,-157.8647681,21.3210643,0
2789,-157.763465,21.2866263,0
2790,-157.7647095,21.2873621,0
2791,-157.7632504,21.2852027,0
2792,-157.8281808,21.3307044,0
2793,-157.8592451,21.2991325,0
2794,-157.8466448,21.3415516,0
2795,-157.80345,21.2850221,0
2796,-157.6859511,21.3013542,0
2797,-157.881364,21.3736331,0
2798,-157.8804254,21.3740149,0
2799,-157.7824064,21.3060522,0
2800,-157.7822239,21.3085582,0
2801,-157.7832195,21.3052745,0
2802,-157.860309,21.3484162,0
2803,-157.8596481,21.350007,0
2804,-157.7990673,21.3028593,0
2805,-157.7983342,21.304296,0
2806,-157.917574,21.3446822,0
2807,-157.9309597,21.3553387,0
2808,-157.8244905,21.2778264,0
2809,-157.859998,21.3313009,0
2810,-157.8597888,21.3317406,0
2811,-157.7507024,21.2814403,0
2812,-157.7870244,21.2891425,0
2813,-157.7959305,21.292804,0
2814,-157.8398896,21.3014128,0
2815,-157.8470364,21.2975601,0
2816,-157.8422856,21.30625,0
2817,-157.7637225,21.2846029,0
2818,-157.8202062,21.3079479,0
2819,-157.7553117,21.2782992,0
2820,-157.8041339,21.2812553,0
2821,-157.8596507,21.3144987,0
2822,-157.8833831,21.322925,0
2823,-157.8660919,21.3425476,0
2824,-157.863021,21.3451804,0
2825,-157.8624204,21.3454663,0
2826,-157.8600086,21.3491916,0
2827,-157.8606867,21.3503428,0
2828,-157.8579589,21.3526992,0
2829,-157.857773,21.3529029,0
2830,-157.8521439,21.3606379,0
2831,-157.7191148,21.2877976,0
2832,-157.7187803,21.2888417,0
2833,-157.7193243,21.2865441,0
2834,-157.8643659,21.3097064,0
2835,-157.8681389,21.3136489,0
2836,-157.8612964,21.2969491,0
2837,-157.8616339,21.2973036,0
2838,-157.7184449,21.2898952,0
2839,-157.922131,21.3458813,0
2840,-157.8072182,21.2869561,0
2841,-157.9319088,21.3522094,0
2842,-157.8056015,21.310259,0
2843,-157.8729113,21.3270719,0
2844,-157.874357,21.3256201,0
2845,-157.8670104,21.3342397,0
2846,-157.903828,21.3550129,0
2847,-157.7657223,21.2836512,0
2848,-157.9013905,21.3395264,0
2849,-157.9013945,21.3367999,0
2850,-157.8883379,21.3430603,0
2851,-157.7691614,21.2819049,0
2852,-157.7683745,21.2828274,0
2853,-157.9200228,21.3516296,0
2854,-157.8313685,21.2839264,0
2855,-157.8672206,21.3266533,0
2856,-157.8619914,21.3159529,0
2857,-157.8612736,21.3164099,0
2858,-157.8675727,21.3271459,0
2859,-157.8682666,21.3282028,0
2860,-157.8333838,21.2934042,0
2861,-157.7665549,21.2838431,0
2862,-157.8162862,21.2739988,0
2863,-157.8139842,21.282586,0
2864,-157.813865,21.2833839,0
10000000,-157.85016694705885,21.31552482941177,1
10000001,-157.874130909434,21.377637708490557,1
10000002,-157.79850135769232,21.261122965384622,1
10000003,-157.8347574318182,21.28260167272727,1
10000004,-157.87333769852935,21.31443738823529,1
10000005,-157.8853993328571,21.34151202428571,1
10000006,-157.84599175384614,21.361552269230774,1
10000007,-157.89005170689654,21.357969603448286,1
10000008,-157.92207286399997,21.352510359999997,1
10000009,-157.91464691428575,21.36028308571429,1
10000010,-157.9062208021276,21.33919926808511,1
10000011,-157.9274424097222,21.344609901388885,1
10000012,-157.93623307209302,21.339037834883722,1
10000013,-157.90935967272728,21.366917490909092,1
10000014,-157.80067243076923,21.384410723076922,1
10000015,-157.89667133636362,21.339566913636364,1
10000016,-157.83958569583336,21.319497477083335,1
10000017,-157.66743727878787,21.30311894242424,1
10000018,-157.7077702681818,21.271565422727278,1
10000019,-157.69934937096772,21.27999286451613,1
10000020,-157.81679357000002,21.263272429999997,1
10000021,-157.8458240468085,21.29196220212766,1
10000022,-157.85809628181815,21.297518938181813,1
10000023,-157.86129027500002,21.304089400000002,1
10000024,-157.86175445,21.309029961764708,1
10000025,-157.8633385631579,21.3121217,1
10000026,-157.87749693529415,21.32519415294118,1
10000027,-157.87483753461538,21.334817946153844,1
10000028,-157.87921276499998,21.338297190000006,1
10000029,-157.90311558125,21.367710087499997,1
10000030,-157.86058233076923,21.3170242,1
10000031,-157.92539706666668,21.32234396666667,1
10000032,-157.92204687407406,21.366415237037042,1
10000033,-157.9307367347826,21.369211186956523,1
10000034,-157.91513927857144,21.349504864285716,1
10000035,-157.88500726538462,21.32500922307693,1
10000036,-157.90914451666666,21.34452561666667,1
10000037,-157.90782336666666,21.328696587499994,1
10000038,-157.81116354571432,21.27189479142857,1
10000039,-157.82742453333336,21.287132983333333,1
10000040,-157.82920447692308,21.289697569230768,1
10000041,-157.82841416923077,21.292336184615387,1
10000042,-157.82809724054056,21.295943245945942,1
10000043,-157.84087153,21.304270770000006,1
10000044,-157.83910475238093,21.300240428571428,1
10000045,-157.8626525224138,21.33439608793103,1
10000046,-157.86983438750002,21.339873375000003,1
10000047,-157.85889601707314,21.346463651219512,1
10000048,-157.8337085875,21.29263574999999,1
10000049,-157.85820222222222,21.325346633333332,1
10000050,-157.85551961176466,21.321714876470587,1
10000051,-157.8215911,21.276813671428567,1
10000052,-157.81536905909093,21.28539929090909,1
10000053,-157.84558302000002,21.306684066666666,1
10000054,-157.86929972000001,21.345016039999997,1
10000055,-157.73233219565222,21.28543046304348,1
10000056,-157.83110943243244,21.33846546756756,1
10000057,-157.6869530475,21.298656654999995,1
10000058,-157.69118944230772,21.30175843076923,1
10000059,-157.71258410555555,21.288147827777777,1
10000060,-157.7094343736842,21.300602694736842,1
10000061,-157.77899743636365,21.28432439090909,1
10000062,-157.76578109615383,21.281961903846156,1
10000063,-157.78375951710524,21.26938173026316,1
10000064,-157.7855557277778,21.28360856111111,1
10000065,-157.78998892222222,21.291547388888883,1
10000066,-157.79310320526318,21.302411557894736,1
10000067,-157.80709828235294,21.309095000000003,1
10000068,-157.8048363285714,21.323135714285716,1
10000069,-157.83708352857147,21.33999559285714,1
10000070,-157.82469682857143,21.31949295714286,1
10000071,-157.80486850833336,21.296384337499997,1
10000072,-157.80050057,21.31776284666667,1
10000073,-157.837180575,21.2861372,1
10000074,-157.84406620000001,21.297346045833333,1
10000075,-157.85219143333327,21.30810028461538,1
10000076,-157.85629711999997,21.313025126666666,1
10000077,-157.86416260000001,21.31983125,1
10000078,-157.8625405923077,21.322454092307687,1
10000079,-157.86734448620683,21.32741012413793,1
10000080,-157.88040313124998,21.3314346125,1
10000081,-157.90210929047623,21.352073609523806,1
10000082,-157.85915833,21.315246680000005,1
10000083,-157.90803803333333,21.3457628,1
10000084,-157.83523688333332,21.286878966666666,1
10000085,-157.82740431428573,21.280493099999997,1
10000086,-157.8293900583333,21.283544725000002,1
10000087,-157.84618607857146,21.302764264285717,1
10000088,-157.83897138571427,21.293003785714287,1
10000089,-157.87595906666667,21.3389068,1
10000090,-157.82318961666667,21.27465965,1
10000091,-157.8245719857143,21.27912704285714,1
10000092,-157.83222389166664,21.2867943,1
10000093,-157.83890721666668,21.2963847,1
10000094,-157.79760129374998,21.276396083333328,1
10000095,-157.80154898333336,21.287911183333332,1
10000096,-157.807287854717,21.28398803962264,1
10000097,-157.81688929166668,21.29656667916667,1
10000098,-157.82619956744182,21.29993381162791,1
10000099,-157.81892609787238,21.308440106382974,1
10000100,-157.85201978888887,21.333787044444446,1
10000101,-157.79192734193552,21.272870919354837,1
10000102,-157.8064580727273,21.277032063636366,1
10000103,-157.79971579375,21.2928445375,1
10000104,-157.79322446551726,21.282182465517234,1
10000105,-157.81117021052626,21.277855318421054,1
10000106,-157.82087291538457,21.28958554230769,1
10000107,-157.83550624999998,21.3124205375,1
10000108,-157.83731142500002,21.307243591666666,1
10000109,-157.83306749000002,21.30512415,1
10000110,-157.821032,21.286232583333334,1
10000111,-157.8354335,21.302406339999997,1
10000112,-157.86367967142857,21.349836571428572,1
10000113,-157.78625060588234,21.30796885294118,1
10000114,-157.81958526,21.2745526,1
10000115,-157.75153846956522,21.28890826521739,1
10000116,-157.75446834814815,21.28137908148148,1
